連結,標題,作者,日期
https://tw.news.yahoo.com/%E5%B4%87%E4%BB%81%E9%86%AB%E5%B0%88%E8%AD%B7%E7%90%86%E7%A7%91%E6%A6%AE%E7%8D%B2%E6%95%99%E5%AD%B8%E5%93%81%E4%BF%9D%E8%A9%95%E9%91%91%E8%82%AF%E5%AE%9A-%E5%B8%AB%E7%94%9F%E6%B5%B7%E5%A4%96%E5%AF%A6%E7%BF%92%E6%8B%93%E5%B1%95%E5%9C%8B%E9%9A%9B%E8%88%9E%E5%8F%B0-083015297.html,崇仁醫專護理科榮獲教學品保評鑑肯定 師生海外實習拓展國際舞台,好報 編輯,2025年8月15日 週五 下午4:30
https://tw.news.yahoo.com/%E4%BD%A9%E7%94%84%E9%81%8A%E7%BE%8E%E5%9C%8B2%E5%91%A8%E7%87%92%E7%99%BE%E8%90%AC%EF%BC%81-%E7%A5%9D%E7%A6%8F%E5%A4%A7%E7%89%99%E3%80%8C%E4%B8%8D%E6%84%9B%E5%88%86%E9%96%8B%E6%98%AF%E5%A5%BD%E4%BA%8B%E3%80%8D-081904815.html,佩甄遊美國2周燒百萬！ 祝福大牙「不愛分開是好事」,簡子喬｜Yahoo名人娛樂特派記者,2025年8月15日 週五 下午4:19
https://tw.news.yahoo.com/%E4%BA%82%E6%8C%89%E6%95%91%E5%91%BD%E9%88%95%E9%87%80%E9%A9%9A%E9%AD%82-%E7%94%B7%E5%AD%90%E8%90%BD%E7%B6%B2%E6%8C%A8%E7%BD%B01%E8%90%AC-075708944.html,亂按救命鈕釀驚魂 男子落網挨罰1萬,記者林梵墨／綜合報導,2025年8月15日 週五 下午4:21
https://tw.news.yahoo.com/%E5%BD%B1-%E5%98%89%E7%BE%A9%E6%B0%91%E5%92%8C%E5%9C%8B%E4%B8%AD%E6%A3%92%E7%90%83%E9%9A%8A%E5%9C%8B%E9%81%93%E8%BB%8A%E7%A6%8D-8%E4%BA%BA%E5%8F%97%E5%9B%B0%E6%B6%88%E9%98%B2%E6%90%B6%E6%95%91%E9%80%81%E9%86%AB-082117572.html,影/嘉義民和國中棒球隊國道車禍！8人受困消防搶救送醫,鄭緯浩,2025年8月15日 週五 下午4:21
https://tw.news.yahoo.com/%E5%BD%B1-%E5%8F%B0%E4%B8%AD%E7%94%B7%E6%8D%B7%E9%81%8B%E7%AB%99-%E4%BA%82%E6%8C%89%E6%89%8B%E6%89%B6%E6%A2%AF%E5%81%9C%E6%A9%9F%E9%88%95-%E6%8A%93%E5%88%B0%E8%A3%81%E7%BD%B01%E8%90%AC-082134080.html,影/台中男捷運站「亂按手扶梯停機鈕」 抓到裁罰1萬,塗豐駿,2025年8月15日 週五 下午4:21
https://tw.news.yahoo.com/%E8%88%87%E4%B8%96%E7%95%8C%E9%BA%B5%E5%8C%85%E5%A4%A7%E5%B8%AB%E7%8E%8B%E9%B5%AC%E5%82%91%E8%81%AF%E5%90%8D-%E6%97%A5%E6%9C%88%E5%8D%83%E7%A6%A7%E6%8E%A8-%E5%BF%83%E7%A6%A7-%E5%85%B8%E8%97%8F%E7%A7%8B%E9%9F%BB-%E8%9B%8B%E9%BB%83%E9%85%A5%E4%B8%AD%E7%A7%8B%E7%A6%AE%E7%9B%92-082137754.html,與世界麵包大師王鵬傑聯名 日月千禧推「心禧-典藏秋韻」蛋黃酥中秋禮盒,諸葛志一,2025年8月15日 週五 下午4:21
https://tw.news.yahoo.com/%E5%85%A8%E7%90%83%E5%A1%91%E8%86%A0%E5%85%AC%E7%B4%84%E8%AB%87%E5%88%A4%E4%B8%AD-%E5%8F%B0%E7%81%A3%E7%AE%A1%E5%88%B6%E5%8F%AF%E4%BE%9B%E8%81%AF%E5%90%88%E5%9C%8B%E5%80%9F%E9%8F%A1-082148648.html,全球塑膠公約談判中 台灣管制可供聯合國借鏡,吳柏軒,2025年8月15日 週五 下午4:21
https://tw.news.yahoo.com/%E7%9B%A7%E7%A7%80%E7%87%95%E7%82%BA%E5%9C%B0%E6%96%B9%E9%A0%90%E7%AE%97%E6%A7%93%E5%8D%93%E6%A6%AE%E6%B3%B0-%E5%BD%AD%E5%95%93%E6%98%8E%E6%9B%9D%E7%8F%BE%E5%A0%B4-%E5%83%8F%E5%AA%BD%E5%AA%BD%E5%9C%A8%E7%BD%B5%E5%85%92%E5%AD%90-%E6%A8%A3-082236441.html,盧秀燕為地方預算槓卓榮泰 彭啓明曝現場：像媽媽在罵兒子一樣,黃詩崴,2025年8月15日 週五 下午4:22
https://tw.news.yahoo.com/%E9%BB%83%E5%AD%90%E9%9F%9C%E8%A6%8B%E5%BE%90%E8%97%9D%E6%B4%8B%E7%9B%B4%E6%92%AD%E6%94%BE%E9%80%81%E4%BF%AE%E9%95%B7%E7%BE%8E%E8%85%BF%E6%80%92%E4%BA%86-%E9%9C%B8%E7%B8%BD%E4%B8%8A%E8%BA%AB%E8%A8%93%E6%96%A5-%E7%B6%B2%E8%99%A7-%E8%A6%BA%E5%BE%97%E8%87%AA%E5%B7%B1%E5%BE%88%E5%B8%A5%E5%90%A7-082241634.html,黃子韜見徐藝洋直播放送修長美腿怒了！「霸總上身訓斥」網虧：覺得自己很帥吧？,娛樂星聞,2025年8月15日 週五 下午4:22
https://tw.news.yahoo.com/%E7%96%91%E8%A2%AB%E5%85%84%E5%BC%9F%E8%B3%93%E8%B3%93%E5%93%A5%E8%83%8C%E5%88%BA-aj%E5%93%A5%E9%A9%9A%E4%BA%BA%E8%83%8C%E6%99%AF%E6%9B%9D%E5%85%89-%E6%AF%86%E6%89%93%E5%BC%B1%E5%8B%A2%E7%94%B7-%E9%BB%91%E6%AD%B7%E5%8F%B2%E9%81%AD%E6%8E%80-082300761.html,疑被兄弟賓賓哥背刺！AJ哥驚人背景曝光 「毆打弱勢男」黑歷史遭掀,三立新聞網,2025年8月15日 週五 下午4:23
https://tw.news.yahoo.com/%E4%BB%81%E5%AF%B6%E6%94%BBai%E4%BC%BA%E6%9C%8D%E5%99%A8%E5%95%86%E6%A9%9F-%E6%8F%AE%E8%BB%8D2025%E7%BE%8E%E5%9C%8B%E5%8F%B0%E7%81%A3%E5%BD%A2%E8%B1%A1%E5%B1%95-%E6%96%B0%E5%93%81%E5%87%BA%E7%B1%A0-082312045.html,仁寶攻AI伺服器商機，揮軍2025美國台灣形象展，新品出籠,財訊快報,2025年8月15日 週五 下午4:23
https://tw.news.yahoo.com/%E6%B4%BB%E5%8C%96%E5%85%AC%E6%9C%89%E5%9C%B0%E6%BB%BF%E8%B6%B3%E9%9C%80%E6%B1%82-%E6%B7%A1%E6%B0%B4%E7%BE%A9%E5%B1%B1%E5%B9%B3%E9%9D%A2%E5%81%9C%E8%BB%8A%E5%A0%B48-16%E7%87%9F%E9%81%8B-082326207.html,活化公有地滿足需求 淡水義山平面停車場8/16營運,葉仁富,2025年8月15日 週五 下午4:23
https://tw.news.yahoo.com/%E9%9D%92%E5%B9%B4%E7%92%B0%E5%A2%83%E6%B0%B8%E7%BA%8C%E8%A6%8B%E7%BF%92%E7%86%B1%E8%A1%80%E9%96%8B%E8%B7%91-%E5%BD%AD%E9%83%A8%E9%95%B7%E5%8B%89%E5%8B%87%E6%96%BC%E6%8E%A5%E5%8F%97%E6%8C%91%E6%88%B0-082346521.html,青年環境永續見習熱血開跑 彭部長勉勇於接受挑戰,國立教育廣播電台,2025年8月15日 週五 下午4:23
https://tw.news.yahoo.com/%E9%B9%B9%E9%AD%9A%E5%A4%A7%E7%BF%BB%E8%BA%AB-3%E7%94%9F%E8%82%96-%E6%98%8E%E8%B5%B7%E8%BD%89%E9%81%8B-%E8%B2%A1%E9%81%8B%E5%BC%B7%E5%BC%B7%E6%BB%BE-082400279.html,鹹魚大翻身！「3生肖」明起轉運 財運強強滾,三立新聞網,2025年8月15日 週五 下午4:24
https://tw.news.yahoo.com/823%E7%BD%B7%E5%85%8D%E5%8F%88%E5%A4%B1%E6%95%97%E6%98%AF%E5%90%A6%E4%B8%8B%E5%8F%B0-%E5%8D%93%E6%A6%AE%E6%B3%B0%E9%80%99%E6%A8%A3%E8%AA%AA-082402996.html,823罷免又失敗是否下台？卓榮泰這樣說！,記者陳佩君／台北報導,2025年8月15日 週五 下午4:24
https://tw.news.yahoo.com/%E8%95%AD%E7%85%8C%E5%A5%87%E7%8B%82%E9%96%8B%E5%9C%B0%E7%8D%84%E6%A2%97-%E5%B9%AB%E5%BF%99%E9%87%8F%E8%A6%96%E5%8A%9B-%E5%82%AC%E6%9D%8E%E7%82%B3%E8%BC%9D%E5%BF%AB-%E9%BB%9E%E8%A2%AB%E5%90%90%E6%A7%BD-082500164.html,蕭煌奇狂開地獄梗！幫忙量視力 催李炳輝快一點被吐槽,FTNN新聞網,2025年8月15日 週五 下午4:25
https://tw.news.yahoo.com/%E6%A1%83%E5%9C%926%E5%90%8D%E9%9D%9E%E6%B3%95%E7%A7%BB%E5%B7%A5%E9%97%96%E7%B4%85%E7%87%88%E6%92%9E%E8%BB%8A-%E8%A3%9D%E6%B2%92%E4%BA%8B-%E6%A3%84%E8%BB%8A%E5%BE%92%E6%AD%A5%E9%80%83%E9%80%B8-041205198.html,桃園6名非法移工闖紅燈撞車 「裝沒事」棄車徒步逃逸,陳佳彤 林志偉,2025年8月15日 週五 下午3:49
https://tw.news.yahoo.com/%E8%92%B2%E4%BA%AD%E8%87%B4%E5%87%BD%E9%87%91%E6%AD%A3%E6%81%A9-%E7%9B%9B%E8%AE%9A%E5%8C%97%E9%9F%93%E8%BB%8D%E9%9A%8A-%E8%8B%B1%E5%8B%87-074958904.html,蒲亭致函金正恩 盛讚北韓軍隊「英勇」,The Central News Agency 中央通訊社,2025年8月15日 週五 下午3:49
https://tw.news.yahoo.com/%E8%BB%9F%E9%8A%80%E6%97%97%E4%B8%8Bpaypay%E7%94%B3%E8%AB%8B%E8%B5%B4%E7%BE%8E%E4%B8%8A%E5%B8%82-%E6%88%96%E7%B1%8C%E8%B3%87%E9%80%BE20%E5%84%84%E7%BE%8E%E5%85%83-%E6%9C%80%E5%BF%ABq4%E9%80%B2%E8%A1%8C-075002147.html,軟銀旗下PayPay申請赴美上市，或籌資逾20億美元，最快Q4進行,財訊快報,2025年8月15日 週五 下午3:50
https://tw.news.yahoo.com/%E7%A2%BA%E5%AE%9A%E8%A6%81%E6%99%AE%E7%99%BC%E7%8F%BE%E9%87%911%E8%90%AC%E4%BA%86-%E5%82%85%E5%B4%90%E8%90%81%E6%84%9F%E8%AC%9D%E5%8D%93%E6%A6%AE%E6%B3%B0-%E5%BE%9E%E5%96%84%E5%A6%82%E6%B5%81-075017686.html,確定要普發現金1萬了 傅崐萁感謝卓榮泰：從善如流,黃詩崴,2025年8月15日 週五 下午3:50
https://tw.news.yahoo.com/%E9%A0%98%E9%8A%9C%E4%BA%BA%E8%BD%9F%E4%B8%8D%E9%9C%80%E8%A6%81%E5%86%8D4%E5%B9%B4%E8%AD%89%E6%98%8E%E7%84%A1%E8%83%BD-%E6%B8%B8%E9%A1%A5-%E6%88%91%E9%9D%9E%E5%B8%B8%E5%AE%A2%E6%B0%A3-%E5%9C%A8%E5%8F%B0%E4%B8%8B%E6%B2%92%E7%AB%99%E8%B5%B7%E4%BE%86%E5%8F%8D%E9%A7%81-075100607.html,領銜人轟不需要再4年證明無能 游顥：我非常客氣！在台下沒站起來反駁,三立新聞網,2025年8月15日 週五 下午3:51
https://tw.news.yahoo.com/61%E6%AD%B2%E7%BF%81%E4%BA%8C%E5%A9%9A%E7%95%B6%E5%A4%A9%E8%85%A6%E6%A2%97%E5%A1%9E-%E5%B0%8F16%E6%AD%B2%E5%A6%BB%E4%B8%8B%E7%A7%92-%E5%8F%96%E8%B5%B0456%E8%90%AC-%E5%A5%B3%E5%85%92%E6%84%A3-%E5%8F%AA%E5%89%A9174%E5%85%83-075100673.html,61歲翁二婚當天腦梗塞！小16歲妻下秒「取走456萬」 女兒愣：只剩174元,鏡報,2025年8月15日 週五 下午3:51
https://tw.news.yahoo.com/%E8%97%8D%E5%A7%94%E8%A6%81%E6%B1%82823%E7%BD%B7%E5%85%8D%E5%86%8D%E6%95%97%E5%B0%B1%E4%B8%8B%E5%8F%B0-%E5%8D%93%E6%A6%AE%E6%B3%B0%E9%80%99%E6%A8%A3%E8%AA%AA-075105954.html,藍委要求823罷免再敗就下台 卓榮泰這樣說,郭宏章,2025年8月15日 週五 下午3:51
https://tw.news.yahoo.com/%E6%B0%B4%E6%99%B6%E5%94%B1%E7%89%87%E5%89%B5%E8%BE%A6%E4%BA%BA%E4%BB%BB%E5%B0%87%E9%81%94-%E5%9C%96-075106934.html,水晶唱片創辦人任將達 (圖),The Central News Agency 中央通訊社,2025年8月15日 週五 下午3:51
https://tw.news.yahoo.com/%E5%8F%B0%E5%8C%97%E5%85%AC%E7%87%9F%E7%95%B6%E9%8B%AA%E8%AA%BF%E9%99%8D%E5%B8%82%E6%B0%91%E8%B3%AA%E5%80%9F%E6%9C%88%E5%88%A9%E7%8E%87-9-15%E8%B5%B7%E8%AA%BF%E9%99%8D%E8%87%B30-58-075125181.html,台北公營當鋪調降市民質借月利率 9／15起調降至0.58％,張珈瑄,2025年8月15日 週五 下午3:51
https://tw.news.yahoo.com/%E9%80%B13%E5%BA%A6%E5%89%B5%E6%AD%B7%E5%8F%B2%E6%96%B0%E9%AB%98-%E8%B2%B7%E5%96%AE%E6%B9%A7%E9%80%B2-%E6%97%A5%E8%82%A1%E4%BB%8A%E7%BA%8C%E7%AB%99%E7%A9%A94%E8%90%AC3000%E9%BB%9E%E5%A4%A7%E9%97%9C-075128360.html,一週3度創歷史新高！買單湧進 日股今續站穩4萬3000點大關,莊蕙嘉,2025年8月15日 週五 下午3:51
https://tw.news.yahoo.com/%E6%8C%BA%E6%A0%B8%E4%B8%89%E5%BB%B6%E5%BD%B9%E5%AE%A3%E5%82%B3%E7%89%87%E8%B6%85%E6%9C%89%E6%A2%97-%E4%BB%96%E6%8F%AA%E7%B4%B0%E7%AF%80%E5%96%8A-%E7%AC%91%E6%AD%BB-064316271.html,挺核三延役宣傳片超有梗！他揪細節喊：笑死,記者李怡姍/綜合報導,2025年8月15日 週五 下午3:51
https://tw.news.yahoo.com/%E4%B8%AD%E8%81%B7-%E5%8F%B0%E9%8B%BC%E9%9B%84%E9%B7%B9%E5%85%8D%E5%A0%B4%E7%A7%9F%E6%83%B9%E8%AD%B0-%E7%90%83%E5%9C%98%E6%80%A5%E6%BE%84%E6%B8%85-075144849.html,中職／台鋼雄鷹免場租惹議！球團急澄清,記者陳昱慈/綜合報導,2025年8月15日 週五 下午3:51
https://tw.news.yahoo.com/%E5%8F%B0%E5%A1%91%E9%9B%86%E5%9C%98%E9%AB%98%E5%B1%A4%E7%95%B0%E5%8B%95%EF%BC%81%E7%B8%BD%E8%A3%81%E7%8E%8B%E6%96%87%E6%B7%B5%E4%BA%A4%E6%A3%92%E5%8D%97%E4%BA%9E%E8%91%A3%E4%BA%8B%E9%95%B7%E5%90%B3%E5%98%89%E6%98%AD-075146253.html,台塑集團高層異動！總裁王文淵交棒南亞董事長吳嘉昭,王詩婷｜Yahoo財經特派記者,2025年8月15日 週五 下午3:51
https://tw.news.yahoo.com/%E7%81%AB%E5%8A%9B%E5%85%A8%E9%96%8B-%E6%B0%91%E9%80%B2%E9%BB%A8-%E6%98%8E%E5%A4%A9%E5%95%9F%E5%8B%95-%E4%B8%83%E5%8D%80%E9%BD%8A%E6%AD%A5%E8%B5%B0-823%E7%BD%B7%E5%85%8D%E6%8A%95%E5%90%8C%E6%84%8F-075150282.html,火力全開！民進黨：明天啟動「七區齊步走」823罷免投同意,Newtalk新聞 |高逸帆 台北市報導,2025年8月15日 週五 下午3:51
https://tw.news.yahoo.com/%E4%B8%AD%E8%81%B7-%E5%82%B3%E6%BE%84%E6%B8%85%E6%B9%96-%E5%85%8D%E5%A0%B4%E7%A7%9F-%E9%81%AD%E9%BB%9E%E5%90%8D-%E5%8F%B0%E9%8B%BC%E9%9B%84%E9%B7%B9%E5%9B%9E%E6%87%89-075154776.html,中職》傳澄清湖「免場租」遭點名！台鋼雄鷹回應：按規定付費,李立祥,2025年8月15日 週五 下午3:51
https://tw.news.yahoo.com/iphone17%E5%85%A8%E7%B3%BB%E5%88%97%E5%85%A8%E9%9D%A2%E5%96%8A%E6%BC%B2-pro%E6%BC%B2%E5%83%B9%E5%8F%88%E7%A0%8D%E5%AE%B9%E9%87%8F-%E5%A4%96%E5%AA%92-max%E8%B5%B7%E8%B7%B3%E5%83%B9%E7%A0%B43%E8%90%AC7-075200418.html,iPhone17全系列全面喊漲 Pro漲價又砍容量！外媒：Max起跳價破3萬7,三立新聞網,2025年8月15日 週五 下午3:52
https://tw.news.yahoo.com/%E5%8F%B0%E5%A4%A7%E5%88%86%E7%99%BC1427%E5%90%8D%E9%A1%8D%E6%BB%BF%E6%8B%9B-%E5%85%A8%E5%9C%8B%E6%9C%80%E5%BC%B75%E9%AB%98%E4%B8%AD%E5%87%BA%E7%88%90-%E9%80%99%E7%A7%81%E6%A0%A1-%E9%8C%84%E5%8F%9641%E4%BA%BA%E6%9C%80%E5%A4%9A-075200841.html,台大分發1427名額滿招！全國最強5高中出爐 「這私校」錄取41人最多,三立新聞網,2025年8月15日 週五 下午3:52
https://tw.news.yahoo.com/823%E5%A4%A7%E7%BD%B7%E5%85%8D%E6%8A%95%E7%A5%A8%E5%80%92%E6%95%B8-%E9%80%B1-%E6%B0%91%E9%80%B2%E9%BB%A8%E5%95%9F%E5%8B%95-816%E4%B8%83%E5%8D%80%E9%BD%8A%E6%AD%A5%E8%B5%B0-%E5%82%AC%E7%A5%A8-075207218.html,823大罷免投票倒數一週 民進黨啟動「816七區齊步走」催票,陳祖傑,2025年8月15日 週五 下午3:52
https://tw.news.yahoo.com/%E6%B8%B8%E9%A1%A5%E8%A1%80%E5%B0%BF%E6%8E%9B%E6%80%A5%E8%A8%BA-%E7%BD%B7%E5%9C%98%E7%AB%9F%E5%81%9A%E9%80%99%E4%BA%8B-%E4%BB%96%E8%BD%9F-%E6%83%A1%E5%8A%A3-065958689.html,游顥血尿掛急診！罷團竟做這事 他轟：惡劣,記者李怡姍/綜合報導,2025年8月15日 週五 下午3:52
https://tw.news.yahoo.com/%E8%B3%B4%E6%B8%85%E5%BE%B7%E6%9C%AA%E6%8F%90%E6%8A%97%E6%88%B0-%E6%9C%B1%E7%AB%8B%E5%80%AB-%E5%BF%98%E4%BA%86%E6%AD%B7%E5%8F%B2%E7%9A%84%E4%BA%BA%E6%80%8E%E5%B8%B6%E9%A0%98%E5%9C%8B%E5%AE%B6%E8%B5%B0%E5%90%91%E6%9C%AA%E4%BE%86-075224963.html,賴清德未提抗戰 朱立倫：忘了歷史的人怎帶領國家走向未來？,施曉光,2025年8月15日 週五 下午3:52
https://tw.news.yahoo.com/%E7%94%B7%E7%88%AC%E9%AB%98%E5%A3%93%E9%9B%BB%E5%A1%94%E6%8B%8D%E7%BE%8E%E7%85%A7%E6%88%90%E7%84%A6%E5%B1%8D-%E9%AB%98%E5%A4%A7%E6%88%90-%E6%80%8E%E9%BA%BC%E5%8F%AF%E8%83%BD%E4%B8%8D%E6%AD%BB-074027904.html,男爬高壓電塔拍美照成焦屍 高大成：「怎麼可能不死」,民視新聞網,2025年8月15日 週五 下午3:52
https://tw.news.yahoo.com/%E7%8E%8B%E6%96%87%E6%B7%B5%E4%BA%A4%E6%A3%92%E5%8F%B0%E5%A1%91%E4%BC%81%E6%A5%AD%E7%B8%BD%E8%A3%81-%E7%94%B1%E5%8D%97%E4%BA%9E%E8%91%A3%E4%BA%8B%E9%95%B7%E5%90%B3%E5%98%89%E6%98%AD%E5%8D%87%E4%BB%BB-075233342.html,王文淵交棒台塑企業總裁 由南亞董事長吳嘉昭升任,工商時報 彭暄貽,2025年8月15日 週五 下午3:52
https://tw.news.yahoo.com/%E6%83%B3%E5%9B%9E%E8%B3%BD%E5%A0%B4-%E7%92%B0%E5%B3%B6%E8%BB%8A%E7%A6%8D%E5%91%BD%E5%8D%B1%E7%9A%84%E5%BA%B7%E6%A9%8B%E8%A5%BF%E6%B4%8B%E5%8A%8D%E9%AB%98%E6%89%8B%E5%87%BA%E9%99%A2%E4%BA%86-%E6%9A%96%E5%BF%83%E5%96%8A-%E5%A5%BD%E9%9A%AA%E6%88%91%E6%AF%94%E8%BC%83%E5%A3%AF-075258612.html,想回賽場！環島車禍命危的康橋西洋劍高手出院了 暖心喊「好險我比較壯」,林佳鋒,2025年8月15日 週五 下午3:52
https://tw.news.yahoo.com/%E5%A4%9C%E5%8D%8A11%E9%BB%9E%E5%AD%B8%E6%A0%A1%E8%A6%8B-%E4%BD%95%E6%BD%A4%E6%9D%B1%E5%86%8D%E4%B8%8B%E6%B5%B7%E7%95%B6%E6%B8%B8%E6%B3%B3%E6%95%99%E7%B7%B4-%E6%B3%A1%E6%B2%AB%E4%B9%8B%E5%A4%8F-%E7%8F%AD%E5%BA%95%E8%B7%A8%E5%9C%8B%E5%90%88%E4%BD%9C-075300649.html,《夜半11點學校見》何潤東再下海當游泳教練 《泡沫之夏》班底跨國合作,葉婉如,2025年8月15日 週五 下午3:53
https://tw.news.yahoo.com/%E5%85%A8%E7%90%83%E9%9B%BB%E5%8B%95%E8%BB%8A%E9%9C%80%E6%B1%82%E6%94%BE%E7%B7%A9-%E9%9F%93%E4%B8%89%E5%A4%A7%E9%9B%BB%E6%B1%A0%E5%BB%A0%E7%94%A2%E8%83%BD%E5%88%A9%E7%94%A8%E7%8E%87%E6%8C%81%E7%BA%8C%E4%B8%8B%E9%99%8D-075304945.html,全球電動車需求放緩，韓三大電池廠產能利用率持續下降,財訊快報,2025年8月15日 週五 下午3:53
https://tw.news.yahoo.com/%E5%8F%B0%E9%8B%BC%E9%9B%84%E9%B7%B9-%E6%BE%84%E6%B8%85%E6%B9%96%E7%90%83%E5%A0%B4%E7%A7%9F%E9%87%91%E7%AD%89%E7%9A%86%E6%8C%89%E8%A6%8F%E5%AE%9A%E9%87%91%E9%A1%8D%E6%94%AF%E4%BB%98-%E5%9C%96-075308278.html,台鋼雄鷹：澄清湖球場租金等皆按規定金額支付 (圖),The Central News Agency 中央通訊社,2025年8月15日 週五 下午3:53
https://tw.news.yahoo.com/%E7%B2%89%E5%BA%95%E6%B6%B2%E4%B9%8B%E4%BA%82-%E6%9E%97%E4%BD%B3%E9%BE%8D%E7%AB%9F%E8%AE%9A%E7%8E%8B%E7%BE%A9%E5%B7%9D-%E4%BB%966%E5%AD%97%E9%85%B8%E7%88%86-071905268.html,粉底液之亂！林佳龍竟讚王義川 他6字酸爆,記者李怡姍/綜合報導,2025年8月15日 週五 下午3:53
https://tw.news.yahoo.com/%E9%85%AA%E8%BE%B2-%E4%BE%B5%E7%8A%AF%E4%B9%B3%E7%89%9B-%E9%80%BC%E5%A6%BB%E5%A5%B3%E7%9C%8B-%E9%80%9E%E6%85%BE%E8%BF%91400%E6%AC%A1%E4%B8%8B%E5%A0%B4%E6%9B%9D%E5%85%89-075316090.html,酪農「侵犯乳牛」逼妻女看！逞慾近400次下場曝光,民視新聞網,2025年8月15日 週五 下午3:53
https://tw.news.yahoo.com/%E6%A0%B8%E5%BB%A2%E6%96%99%E6%94%BE%E4%BD%A0%E5%AE%B6-%E5%B0%8F%E8%8D%89%E5%A5%B3%E7%A5%9E1%E5%8F%A5%E8%A9%B1%E7%A5%9E%E5%8F%8D%E6%93%8A-083150148.html,「核廢料放你家」？小草女神1句話神反擊,記者李怡姍/綜合報導,2025年8月15日 週五 下午3:53
https://tw.news.yahoo.com/%E6%9B%BE%E6%98%AF%E5%85%A8%E9%A6%AC%E9%81%B8%E6%89%8B-%E5%A5%B3%E6%98%9F%E7%94%A2%E5%BE%8C%E7%88%86%E8%82%A520%E5%85%AC%E6%96%A4-%E9%AB%94%E8%84%82%E9%A3%86%E7%A0%B443-7-%E8%A2%AB%E9%A9%97%E5%87%BA%E7%B3%96%E5%B0%BF%E7%97%85%E5%89%8D%E6%9C%9F-075400745.html,曾是全馬選手！女星產後爆肥20公斤「體脂飆破43.7％」被驗出糖尿病前期,三立新聞網,2025年8月15日 週五 下午3:54
https://tw.news.yahoo.com/%E4%BD%8F15%E6%A8%93%E9%A9%9A%E8%A6%8B%E5%A4%A7%E8%9F%91%E8%9E%82-%E5%A5%B9%E5%B4%A9%E6%BD%B0%E5%96%8A-%E5%88%B0%E5%BA%95%E5%BE%9E%E5%93%AA%E4%BE%86-%E5%B0%88%E5%AE%B6%E6%9B%9D1%E6%8B%9B%E7%A7%92%E7%BF%BB%E8%82%9A-075400422.html,住15樓驚見大蟑螂！她崩潰喊「到底從哪來？」 專家曝1招秒翻肚,三立新聞網,2025年8月15日 週五 下午3:54
https://tw.news.yahoo.com/%E5%9B%82%E5%BC%B5%E8%A9%90%E6%AC%BA%E7%8A%AF%E6%8B%8D%E6%8A%96%E9%9F%B3%E6%A0%BD%E4%BA%86-%E5%8A%89%E4%B8%96%E8%8A%B3%E8%AD%89%E5%AF%A6-13%E6%97%A5%E5%B7%B2%E6%9F%A5%E7%B7%9D%E5%88%B0%E6%A1%88-070022886.html,更新)囂張詐欺犯拍抖音栽了！劉世芳證實：之前還被移送28次,Newtalk新聞 |林朝億 台北市報導,2025年8月15日 週五 下午3:54
https://tw.news.yahoo.com/%E5%90%B3%E4%BA%9E%E6%98%95%E7%95%B6%E6%A0%B8%E4%B8%89%E9%87%8D%E5%95%9F%E5%8F%8D%E6%96%B9-%E9%86%AB%E9%85%B8-%E6%89%93%E8%87%89%E8%B3%B4%E6%B8%85%E5%BE%B7-092218677.html,吳亞昕當核三重啟反方！醫酸「打臉賴清德」,記者李怡姍/綜合報導,2025年8月15日 週五 下午3:54
https://tw.news.yahoo.com/%E9%9B%B2%E8%B1%B9%E8%83%BD%E6%BA%90%E8%87%B4-%E5%93%A1%E5%B7%A5%E4%BF%A1-%E8%88%87%E8%B3%B4%E5%93%81%E5%A6%A4%E7%84%A1%E4%BB%BB%E4%BD%95%E9%97%9C%E8%81%AF-075437558.html,雲豹能源致「員工信」與賴品妤無任何關聯,記者林汪靜/台北報導,2025年8月15日 週五 下午3:54
https://tw.news.yahoo.com/%E6%A1%83%E5%9C%92%E9%BE%9C%E5%B1%B1-%E7%B4%844%E5%B1%A4%E6%A8%93%E9%AB%98%E5%A4%A7%E5%9E%8B%E5%90%8A%E8%BB%8A-%E7%BF%BB%E8%A6%86-%E8%B6%85%E6%89%AF%E7%95%AB%E9%9D%A2%E6%9B%9D%E5%85%89-1%E4%BA%BA%E8%A2%AB%E7%A0%B8%E5%82%B7-072342598.html,桃園龜山「約40公尺高大型吊車」翻覆！超扯畫面曝光 1人被砸傷,台視新聞網,2025年8月15日 週五 下午3:54
https://tw.news.yahoo.com/%E8%87%AA%E4%BE%86%E6%B0%B4%E5%85%AC%E5%8F%B82%E5%93%A1%E5%B7%A5%E4%BF%AE%E5%89%AA%E6%A8%B9%E6%9C%A8-%E7%96%91%E4%B8%8D%E6%85%8E%E6%8E%A5%E8%BF%91%E8%9C%82%E7%AA%A9%E9%81%AD%E8%9E%AB%E5%82%B7-075500631.html,自來水公司2員工修剪樹木 疑不慎接近蜂窩遭螫傷,The Central News Agency 中央通訊社,2025年8月15日 週五 下午3:55
https://tw.news.yahoo.com/%E4%B8%8A%E8%90%AC%E5%A1%8A%E7%9A%84%E6%89%8B%E7%99%A2%E4%BB%A3%E5%83%B9-%E5%8F%B0%E4%B8%AD%E7%94%B7%E4%BA%82%E6%8C%89%E6%89%8B%E6%89%B6%E6%A2%AF-%E7%B7%8A%E6%80%A5%E5%81%9C%E6%A9%9F%E9%88%95-%E9%9B%A2%E5%A0%B411%E5%A4%A9%E5%BE%8C%E8%A2%AB%E9%80%AE-075500872.html,上萬塊的手癢代價！台中男亂按手扶梯「緊急停機鈕」 離場11天後被逮,彭薇,2025年8月15日 週五 下午3:55
https://tw.news.yahoo.com/%E5%8D%93%E6%A6%AE%E6%B3%B0%E6%89%B9-%E6%B0%91%E7%9C%BE%E9%BB%A8%E5%A7%94%E5%93%A1%E4%B8%8D%E6%87%82%E5%9C%B0%E6%96%B9%E9%9C%80%E6%B1%82-%E6%B0%91%E7%9C%BE%E9%BB%A8%E5%9C%98%E8%A6%81%E6%B1%82%E9%81%93%E6%AD%89-%E6%8A%8A%E8%A9%B1%E6%94%B6%E5%9B%9E%E5%8E%BB-075500316.html,卓榮泰批「民眾黨委員不懂地方需求」 民眾黨團要求道歉：把話收回去,鏡報,2025年8月15日 週五 下午3:55
https://tw.news.yahoo.com/%E6%9D%B1%E4%BA%AC%E8%81%BD%E9%9A%9C%E5%A5%A7%E9%81%8B%E4%BB%A3%E8%A1%A8%E9%9A%8A%E9%96%8B%E8%A8%93-%E9%AB%94%E8%82%B2%E7%BD%B2%E9%95%B7%E9%84%AD%E4%B8%96%E5%BF%A0%E5%88%B0%E5%A0%B4%E5%8B%89%E5%8B%B5-065659906.html,東京聽障奧運代表隊開訓 體育署長鄭世忠到場勉勵,民視新聞網,2025年8月15日 週五 下午3:55
https://tw.news.yahoo.com/%E7%99%8C%E7%97%87%E6%B2%BB%E7%99%82%E7%AD%89%E6%96%BC%E7%94%9F%E8%82%B2%E5%A4%A2%E7%A2%8E-%E9%86%AB%E7%99%82%E6%80%A7%E7%94%9F%E8%82%B2%E4%BF%9D%E5%AD%98%E8%A3%9C%E5%8A%A9%E5%AE%88%E4%BD%8F%E7%94%9F%E6%A9%9F-075340303.html,癌症治療等於生育夢碎？ 醫療性生育保存補助守住生機,陳如頤 報導,2025年8月15日 週五 下午3:55
https://tw.news.yahoo.com/taiwan%E9%82%81%E5%85%A5%E5%B0%BE%E8%81%B2-%E7%A7%BB%E5%8B%95%E6%95%85%E4%BA%8B%E5%B1%8B-%E8%B7%A8%E6%B5%B7%E7%99%BB%E9%99%B8%E5%A4%A7%E9%98%AA%E9%97%9C%E8%A5%BF%E4%B8%96%E5%8D%9A-075536252.html,We TAIWAN邁入尾聲！「移動故事屋」跨海登陸大阪關西世博,李侑珊,2025年8月15日 週五 下午3:55
https://tw.news.yahoo.com/%E7%86%B1%E5%88%B0%E5%83%8F%E5%9C%A8%E6%B2%99%E6%BC%A0-9%E7%B8%A3%E5%B8%82-%E4%BA%AE%E9%AB%98%E6%BA%AB%E7%87%88%E8%99%9F-%E6%B0%A3%E8%B1%A1%E7%BD%B2%E6%80%A5%E7%A4%BA%E8%AD%A6-075555667.html,熱到像在沙漠！「9縣市」亮高溫燈號 氣象署急示警,官有紘,2025年8月15日 週五 下午3:55
https://tw.news.yahoo.com/%E5%85%A9%E5%A4%A7%E4%B8%BB%E8%BB%B8-%E7%AB%99%E5%BC%8F%E7%AF%80%E9%9B%BB%E5%AA%92%E5%90%88%E5%B9%B3%E5%8F%B0-%E6%96%B0%E5%8C%97%E6%B7%A8%E9%9B%B6%E7%94%9F%E6%B4%BB%E6%96%B0%E6%9C%AA%E4%BE%86%E6%87%89%E7%94%A8%E5%AA%92%E5%90%88%E6%9C%83%E7%99%BB%E5%A0%B4-075602075.html,兩大主軸一站式節電媒合平台 新北淨零生活新未來應用媒合會登場,葉仁富,2025年8月15日 週五 下午3:56
https://tw.news.yahoo.com/%E6%80%A7%E5%BD%B1%E5%83%8F%E6%A1%88-%E9%BB%83%E5%AD%90%E4%BD%BC%E5%86%8D%E6%88%90%E5%8A%9F%E8%88%874%E5%A5%B3%E5%92%8C%E8%A7%A3-%E5%89%A917%E4%BA%BA-%E9%9B%A2%E5%85%8D%E9%97%9C%E8%B6%8A%E4%BE%86%E8%B6%8A%E8%BF%91-075637988.html,性影像案！黃子佼再成功與4女和解 「剩17人」離免關越來越近,侯柏青,2025年8月15日 週五 下午3:56
https://tw.news.yahoo.com/%E5%B7%9D%E8%92%B2%E6%9C%83-%E8%BF%9160-%E7%BE%8E%E5%9C%8B%E4%BA%BA%E4%B8%8D%E4%BF%A1%E5%B7%9D%E6%99%AE%E8%83%BD%E5%81%9A%E6%98%8E%E6%99%BA%E6%B1%BA%E5%AE%9A-075641198.html,川蒲會 近60%美國人不信川普能做明智決定,記者倪浩軒/綜合報導,2025年8月15日 週五 下午3:56
https://tw.news.yahoo.com/%E5%A4%A7%E6%B8%AF%E9%96%B1%E5%86%B0-%E9%80%B1%E6%9C%AB%E7%99%BB%E5%A0%B4-%E6%97%97%E6%B4%A5%E9%A2%A8%E7%AE%8F%E7%AF%80%E6%B0%A3%E5%A2%8A%E6%B0%B4%E6%A8%82%E5%9C%92%E6%B8%85%E6%B6%BC-%E5%A4%8F-075645239.html,「大港閱冰」週末登場！ 旗津風箏節氣墊水樂園清涼一夏,WH CDNS,2025年8月15日 週五 下午3:56
https://tw.news.yahoo.com/%E6%BE%B3%E6%B4%B2%E6%B3%95%E9%99%A2%E8%A6%96%E8%A8%8A%E5%AF%A9%E6%A5%8A%E8%98%AD%E8%98%AD%E4%BA%8B%E4%BB%B6-%E6%9C%AC%E4%BA%BA%E6%8C%81%E7%BA%8C%E7%A5%9E%E9%9A%B1-%E7%B6%B2%E7%96%91%E5%85%B6%E7%9C%9F%E8%BA%AB%E7%82%BA-%E7%BF%92%E4%BA%8C%E5%85%AC%E4%B8%BB-075656216.html,澳洲法院視訊審楊蘭蘭事件! 本人持續神隱 網疑其真身為「習二公主」,Newtalk新聞 |楊祖宇 綜合報導,2025年8月15日 週五 下午3:56
https://tw.news.yahoo.com/%E5%8F%B0%E7%BE%8E%E8%BB%8D%E5%94%AE%E8%83%BD%E5%90%A6%E7%95%B6%E8%AB%87%E5%88%A4%E7%B1%8C%E7%A2%BC%E9%99%8D%E9%97%9C%E7%A8%85-%E9%A1%A7%E7%AB%8B%E9%9B%84-%E6%9A%AB%E4%B8%8D%E8%A8%88%E5%85%A5%E8%B2%BF%E6%98%93%E9%A1%8D-%E6%8C%81%E7%BA%8C%E8%88%87%E7%BE%8E%E6%96%B9%E6%BA%9D%E9%80%9A-075700962.html,台美軍售能否當談判籌碼降關稅？顧立雄：暫不計入貿易額 持續與美方溝通,FTNN新聞網,2025年8月15日 週五 下午3:57
https://tw.news.yahoo.com/%E8%AE%93%E5%89%AF%E6%89%8B%E6%AD%B7%E7%B7%B4-%E8%82%A1%E7%A5%9E%E5%B7%B4%E8%8F%B2%E7%89%B9%E6%9C%89%E4%BA%86%E6%96%B0%E6%AD%A1-%E8%81%AF%E5%90%88%E5%81%A5%E5%BA%B7%E9%99%B7%E5%9B%B0%E5%A2%83%E7%8D%B2%E9%80%A2%E4%BD%8E%E5%A4%A7%E8%B2%B7-075700202.html,讓副手歷練？股神巴菲特有了新歡 聯合健康陷困境獲逢低大買,FTNN新聞網,2025年8月15日 週五 下午3:57
https://tw.news.yahoo.com/%E6%A5%8A%E6%A2%85%E5%B9%BC%E7%8D%85%E6%93%B4%E5%A4%A7%E5%B7%A5%E6%A5%AD%E5%8D%80%E5%BB%A0%E5%8D%94%E6%9C%83%E7%90%86%E4%BA%8B%E9%95%B7%E4%BA%A4%E6%8E%A5-%E7%8E%8B%E6%98%8E%E9%89%85-%E6%94%9C%E6%89%8B%E6%8E%A8%E5%8B%95%E7%94%A2%E6%A5%AD%E5%8D%87%E7%B4%9A%E8%88%87%E5%8D%80%E5%9F%9F%E7%B6%93%E6%BF%9F%E7%99%BC%E5%B1%95-075700231.html,楊梅幼獅擴大工業區廠協會理事長交接 王明鉅：攜手推動產業升級與區域經濟發展,記者葉志成  ／桃園報導,2025年8月15日 週五 下午3:57
https://tw.news.yahoo.com/%E5%AD%AB%E8%97%9D%E7%9C%9F%E6%9B%AC%E8%B6%85%E7%8B%82%E8%83%8C%E8%82%8C-%E9%BB%91%E8%95%BE%E7%B5%B2%E9%81%8B%E5%8B%95%E7%89%87%E6%9B%9D%E5%85%89-%E5%90%B8%E7%B2%89%E7%8B%82%E8%AE%9A-075700074.html,孫藝真曬超狂背肌！「黑蕾絲運動片曝光」 吸粉狂讚,記者 楊雅芸,2025年8月15日 週五 下午3:57
https://tw.news.yahoo.com/%E7%8E%8B%E6%96%87%E6%B7%B5%E4%BA%A4%E6%A3%92%E7%B6%93%E7%87%9F%E6%AC%8A-%E5%90%B3%E5%98%89%E6%98%AD%E5%8D%87%E4%BB%BB%E5%8F%B0%E5%A1%91%E4%BC%81%E6%A5%AD%E8%A1%8C%E6%94%BF%E4%B8%AD%E5%BF%83%E7%B8%BD%E8%A3%81-075702725.html,王文淵交棒經營權 吳嘉昭升任台塑企業行政中心總裁,The Central News Agency 中央通訊社,2025年8月15日 週五 下午3:57
https://tw.news.yahoo.com/%E6%98%9F%E5%AE%87%E8%88%AA%E7%A9%BA%E8%88%87%E7%BE%8E%E5%9C%8B%E8%88%AA%E7%A9%BA%E7%B7%A0%E7%B5%90%E5%90%88%E4%BD%9C%E5%A4%A5%E4%BC%B4-%E6%8F%90%E5%8D%87%E5%8C%97%E7%BE%8E-%E4%BA%9E%E6%B4%B2%E8%88%AA%E7%B6%B2%E4%BE%BF%E5%88%A9%E6%80%A7-075734614.html,星宇航空與美國航空締結合作夥伴，提升北美、亞洲航網便利性,財訊快報,2025年8月15日 週五 下午3:57
https://tw.news.yahoo.com/%E8%89%B2%E6%83%85%E5%8D%9A%E5%BC%88%E7%B6%B2%E7%AB%99%E6%BF%AB%E7%94%A8-taipei-%E7%B6%B2%E5%9F%9F-%E5%8C%97%E5%B8%82%E5%BA%9C%E5%8B%92%E4%BB%A4%E6%A5%AD%E8%80%85%E4%B8%8B%E6%9E%B6%E5%81%9C%E7%94%A8-073942738.html,色情博弈網站濫用「.taipei」網域 北市府勒令業者下架停用,周刊王CTWANT |中國時報張珈瑄,2025年8月15日 週五 下午3:57
https://tw.news.yahoo.com/%E9%BB%83%E5%AD%90%E4%BD%BC%E6%B6%89%E8%B3%BC%E8%B2%B7%E6%8C%81%E6%9C%89%E5%85%92%E5%B0%91%E6%80%A7%E5%BD%B1%E5%83%8F%E6%A1%88-%E7%B4%AF%E8%A8%88%E8%88%8730%E8%A2%AB%E5%AE%B3%E4%BA%BA%E8%AA%BF%E8%A7%A3%E6%88%90%E7%AB%8B-075745732.html,黃子佼涉購買持有兒少性影像案 累計與30被害人調解成立,Yahoo奇摩（即時新聞）,2025年8月15日 週五 下午3:57
https://tw.news.yahoo.com/%E4%BD%A9%E7%94%84%E8%AB%87%E5%B0%8F%E7%A6%8E%E8%88%87%E9%80%A0%E5%9E%8B%E5%B8%AB%E7%B5%82%E6%AD%A2%E5%90%88%E4%BD%9C-%E4%BA%8B-%E5%BF%83%E7%96%BC-%E5%A5%B9%E5%9C%A8%E6%B3%95%E5%9C%8B%E9%82%8A%E8%AC%9B%E9%82%8A%E5%93%AD-075800563.html,佩甄談小禎與造型師終止合作一事 心疼：她在法國邊講邊哭,鏡報,2025年8月15日 週五 下午3:58
https://tw.news.yahoo.com/%E9%A9%9A%E9%9A%AA%E7%9E%AC%E9%96%93-%E5%A5%B3%E5%AD%90%E5%90%8A%E6%8E%9B9%E5%85%AC%E5%B0%BA%E9%AB%98%E7%A9%BA-%E6%91%A9%E5%A4%A9%E8%BC%AA%E5%93%A1%E5%B7%A5%E5%BE%92%E6%89%8B%E6%94%80%E7%88%AC%E6%95%91%E4%BA%BA-075808952.html,驚險瞬間！女子吊掛9公尺高空 摩天輪員工徒手攀爬救人,周刊王CTWANT |甘仲豪,2025年8月15日 週五 下午3:58
https://tw.news.yahoo.com/823%E4%BA%8C%E7%BD%B7%E9%BB%83%E9%87%91%E9%80%B1%E8%A1%9D%E5%88%BA-%E6%B0%91%E9%80%B2%E9%BB%A8%E6%8E%A8-816%E4%B8%83%E5%8D%80%E9%BD%8A%E6%AD%A5%E8%B5%B0-%E7%82%BA%E5%AE%88%E8%AD%B7%E6%B0%91%E4%B8%BB%E5%86%8D%E5%8A%AA%E5%8A%9B-%E6%AC%A1-075900060.html,823二罷黃金週衝刺！民進黨推「816七區齊步走」：為守護民主再努力一次,三立新聞網,2025年8月15日 週五 下午3:59
https://tw.news.yahoo.com/%E9%9B%B2%E6%9E%974%E7%89%B9%E8%89%B2%E5%95%86%E5%9C%88%E4%B8%B2%E8%81%AF-%E8%B3%BC%E7%89%A9%E7%BE%8E%E9%A3%9F-%E6%AC%A1%E6%BB%BF%E8%B6%B3-075904353.html,雲林4特色商圈串聯 購物美食一次滿足,The Central News Agency 中央通訊社,2025年8月15日 週五 下午3:59
https://tw.news.yahoo.com/%E4%BB%A4%E5%92%8C%E6%80%AA%E7%89%A9-%E4%BD%90%E4%BD%90%E6%9C%A8%E6%9C%97%E5%B8%8C%E9%96%8B%E7%99%BC-%E6%96%B0%E7%90%83%E7%A8%AE-%E8%B3%BD%E5%BE%8C%E6%BB%BF%E6%84%8F-%E8%83%BD%E5%A3%93%E5%88%B6%E6%89%93%E8%80%85-075904776.html,「令和怪物」佐佐木朗希開發「新球種」！賽後滿意：能壓制打者,民視運動網,2025年8月15日 週五 下午3:59
https://tw.news.yahoo.com/%E4%BB%A4%E5%92%8C%E6%80%AA%E7%89%A9-%E4%BD%90%E4%BD%90%E6%9C%A8%E6%9C%97%E5%B8%8C%E9%96%8B%E7%99%BC-%E6%96%B0%E7%90%83%E7%A8%AE-%E8%B3%BD%E5%BE%8C%E6%BB%BF%E6%84%8F-%E8%83%BD%E5%A3%93%E5%88%B6%E6%89%93%E8%80%85-075904568.html,「令和怪物」佐佐木朗希開發「新球種」！賽後滿意：能壓制打者,民視新聞網,2025年8月15日 週五 下午3:59
https://tw.news.yahoo.com/%E6%94%BF%E9%99%A2%E7%B6%AD%E6%8C%81%E6%99%AE%E7%99%BC1%E8%90%AC%E5%8A%A0%E7%A2%BC%E9%9B%BB%E7%B6%B2%E9%9F%8C%E6%80%A7-%E7%99%BD%E4%B8%8D%E8%B2%B7%E5%96%AE-%E6%9E%97%E6%A5%9A%E8%8C%B5%E7%8B%A0%E9%85%B8-%E9%80%99%E5%8F%A5-020532994.html,政院加碼強化電力卻遭擋 林楚茵轟藍白「買完票就作廢」,民視新聞網,2025年8月15日 週五 下午3:59
https://tw.news.yahoo.com/%E5%8F%B0%E4%B8%AD%E7%94%B7%E5%AE%B6%E4%B8%AD%E6%96%BD%E7%94%A8%E6%AF%92%E5%93%81%E9%81%AD%E6%AF%8D%E8%88%89%E5%A0%B1-%E6%AA%A2%E6%96%B9%E5%81%B5%E7%B5%90%E7%B7%A9%E8%B5%B7%E8%A8%B4-075906249.html,台中男家中施用毒品遭母舉報 檢方偵結緩起訴,The Central News Agency 中央通訊社,2025年8月15日 週五 下午3:59
https://tw.news.yahoo.com/%E4%B8%AD%E5%92%8C%E8%97%9D%E6%96%87%E5%9F%BA%E5%9C%B0%E5%95%9F%E7%94%A8-%E6%96%B0%E5%8C%97%E8%97%9D%E6%96%87%E9%9D%92%E5%B9%B4%E5%85%A8%E6%96%B0%E6%93%9A%E9%BB%9E-075909979.html,中和藝文基地啟用 新北藝文青年全新據點,葉仁富,2025年8月15日 週五 下午3:59
https://tw.news.yahoo.com/%E5%9B%9E%E6%87%89%E5%AF%A9%E8%A8%88%E9%83%A8%E6%BE%84%E6%B8%85%E6%B9%96%E7%90%83%E5%A0%B4%E7%82%BA%E9%81%94%E8%B2%A1%E5%8B%99%E5%B9%B3%E8%A1%A1%E8%AA%AA%E6%B3%95-%E5%8F%B0%E9%8B%BC%E9%9B%84%E9%B7%B9%E5%BC%B7%E8%AA%BF-%E6%8C%89%E8%A6%8F%E5%AE%9A%E6%94%AF%E4%BB%98%E5%A0%B4%E7%A7%9F-075913798.html,回應審計部澄清湖球場為達財務平衡說法 台鋼雄鷹強調「按規定支付場租」,林建嘉,2025年8月15日 週五 下午3:59
https://tw.news.yahoo.com/84%E6%AD%B2%E5%8A%89%E7%A6%8F%E5%8A%A9%E7%8F%BE%E8%BA%AB%E5%82%B3%E8%97%9D%E9%87%91%E6%9B%B2%E7%8D%8E-%E8%B7%A8%E4%B8%96%E4%BB%A3%E5%90%88%E4%BD%9C%E9%AD%94%E8%A1%93%E5%B8%AB%E5%B9%BB%E8%A1%93%E5%A4%A7%E4%BB%99-%E8%B3%B4%E9%8A%98%E5%81%89-075919698.html,84歲劉福助現身傳藝金曲獎 跨世代合作魔術師幻術大仙、賴銘偉,池宗玲,2025年8月15日 週五 下午3:59
https://tw.news.yahoo.com/%E9%85%B8%E6%9F%AF%E6%96%87%E5%93%B2%E5%A4%AB%E5%A6%BB%E5%BE%88%E8%84%AB%E5%BA%8F-%E7%B6%A0%E8%AD%B0%E5%93%A1-%E4%BB%96%E5%80%91%E5%B0%B1%E6%98%AF%E6%83%B3%E9%AC%A5%E8%87%AD%E5%8F%B8%E6%B3%95-075943942.html,酸柯文哲夫妻很脫序 綠議員：他們就是想鬥臭司法！,中廣新聞網,2025年8月15日 週五 下午3:59
https://tw.news.yahoo.com/%E8%B3%B4%E6%B8%85%E5%BE%B7815%E7%99%BC%E6%96%87%E4%B8%8D%E6%8F%90-%E6%8A%97%E6%88%B0%E5%8B%9D%E5%88%A9-%E6%B4%AA%E7%A7%80%E6%9F%B1%E5%97%86-%E6%80%8E%E5%AE%88%E4%BD%8F%E5%9C%8B%E5%AE%B6%E5%B0%8A%E5%9A%B4-075944709.html,賴清德815發文不提「抗戰勝利」 洪秀柱嗆：怎守住國家尊嚴,林兪彤,2025年8月15日 週五 下午3:59
https://tw.news.yahoo.com/%E5%B1%8D%E9%80%9F-%E5%90%8D%E5%B0%8E%E5%BB%B6%E5%B0%9A%E6%98%8A%E6%96%B0%E4%BD%9C-%E9%86%9C%E5%BE%97%E8%A6%81%E5%91%BD-%E6%8F%AD-%E5%85%B7%E5%B1%8D%E9%AB%9440%E5%B9%B4%E5%89%8D%E6%81%90%E6%80%96%E7%9C%9F%E7%9B%B8-075958062.html,《屍速》名導延尚昊新作！《醜得要命》 揭一具屍體40年前恐怖真相,孫伊萱,2025年8月15日 週五 下午3:59
https://tw.news.yahoo.com/%E6%A0%B8%E5%BB%A2%E6%96%99%E6%9C%80%E7%B5%82%E8%99%95%E7%BD%AE%E5%90%B5%E7%BF%BB-%E4%BB%96%E5%96%8A-%E5%90%8C%E5%B3%B6-%E5%91%BD-%E5%8F%B0%E4%B8%AD%E6%9C%80%E4%BD%B3%E8%A7%A3-080000545.html,核廢料最終處置吵翻！他喊「同島一命」：台中最佳解,東森財經,2025年8月15日 週五 下午4:00
https://tw.news.yahoo.com/%E7%84%A1%E4%BA%BA%E6%A9%9F%E9%A1%8C%E6%9D%90%E5%A4%AF-%E9%80%99-%E8%88%AA%E5%A4%AA%E8%BB%8D%E5%B7%A5%E5%A4%A7%E5%BB%A0-%E5%8A%9B%E6%8A%97q2%E5%8C%AF%E6%90%8D%E5%A3%93%E5%8A%9B-%E4%BB%8A%E5%B8%B6%E9%87%8F%E4%B8%8A%E6%94%BB-080000216.html,無人機題材夯！這「航太軍工大廠」力抗Q2匯損壓力 今帶量上攻...漲逾半根,FTNN新聞網,2025年8月15日 週五 下午4:00
https://tw.news.yahoo.com/%E6%94%B9%E5%96%84%E8%84%82%E8%82%AA%E8%82%9D%E5%BF%85%E5%96%9D-%E9%80%993%E6%AC%BE%E8%8C%B6%E9%A3%B2-%E4%B8%AD%E9%86%AB%E5%B8%AB%E5%A4%A7%E6%8E%A8-%E5%81%A5%E8%84%BE%E5%8C%96%E6%BF%95-%E9%99%8D%E8%84%82%E6%B6%88%E8%85%AB-080000644.html,改善脂肪肝必喝「這3款茶飲」！中醫師大推 健脾化濕、降脂消腫一次到位,常春月刊--全宇宙最實用的保健知識,2025年8月15日 週五 下午4:00
https://tw.news.yahoo.com/%E6%A0%B8%E5%BB%A2%E6%96%99%E6%9C%80%E7%B5%82%E8%99%95%E7%BD%AE%E5%90%B5%E7%BF%BB-%E4%BB%96%E5%96%8A-%E5%90%8C%E5%B3%B6-%E5%91%BD-%E5%8F%B0%E4%B8%AD%E6%9C%80%E4%BD%B3%E8%A7%A3-080000737.html,核廢料最終處置吵翻！他喊「同島一命」：台中最佳解,東森財經,2025年8月15日 週五 下午4:00
https://tw.news.yahoo.com/%E5%8F%88%E6%9C%89%E6%96%B0%E9%A6%99%E4%BE%86%E4%BA%86-%E9%A6%99%E5%A5%88%E5%85%92%E7%94%B7%E9%A6%99%E5%B8%A5%E7%88%86-prada%E9%AB%AE%E9%A6%99%E5%99%B4%E9%9C%A7%E7%BE%8E%E7%BF%BB%E5%A4%A9-diptyque%E6%B5%AA%E6%BC%AB%E9%BA%9D%E9%A6%99%E7%94%9C%E9%80%B2%E5%BF%83%E5%9D%8E-080000794.html,又有新香來了！香奈兒男香帥爆、Prada髮香噴霧美翻天、Diptyque浪漫麝香甜進心坎,黃筱婷,2025年8月15日 週五 下午4:00
https://tw.news.yahoo.com/%E7%89%A9%E7%90%86%E6%80%A7vs%E5%8C%96%E5%AD%B8%E6%80%A7-%E9%98%B2%E6%9B%AC%E5%93%AA%E5%80%8B%E5%A5%BD-%E5%B0%88%E5%AE%B6%E7%B5%A6%E7%AD%94%E6%A1%88-%E5%A4%9A%E6%95%B8%E4%BA%BA%E9%83%BD%E5%A1%97%E5%A4%AA%E5%B0%91-080000735.html,「物理性vs化學性」防曬哪個好？專家給答案 多數人都塗太少,常春月刊--全宇宙最實用的保健知識,2025年8月15日 週五 下午4:00
https://tw.news.yahoo.com/%E7%84%A1%E7%85%A7%E7%94%B7%E8%A2%AB%E6%8E%A7%E6%AF%92%E9%A7%95%E6%92%9E%E6%AD%BB%E4%BA%BA-%E5%98%89%E9%99%A2%E5%9C%8B%E6%B0%91%E6%B3%95%E5%BA%AD%E5%88%A42%E5%B9%B410%E6%9C%88-080008931.html,無照男被控毒駕撞死人 嘉院國民法庭判2年10月,The Central News Agency 中央通訊社,2025年8月15日 週五 下午4:00
https://tw.news.yahoo.com/%E5%A4%A7%E6%A8%82%E9%80%8F815%E9%96%8B%E7%8D%8E-%E4%B8%AD%E7%8D%8E%E8%99%9F%E7%A2%BC2030%E9%96%8B%E7%8D%8E%E7%9B%B4%E6%92%AD%E7%9C%8B%E9%80%99%E7%AF%87-080009511.html,大樂透8/15開獎 中獎號碼20:30開獎直播看這篇,Yahoo奇摩（即時新聞）,2025年8月15日 週五 下午4:00
https://tw.news.yahoo.com/%E6%95%99%E5%9C%98%E7%9B%BC%E8%BA%AB%E5%BF%83%E8%AA%BF%E9%81%A9%E5%81%87%E4%B8%8D%E4%BD%B5%E4%BA%8B%E5%81%87-%E6%95%99%E9%83%A8-%E6%8C%81%E7%BA%8C%E5%BE%B5%E8%A9%A2%E6%84%8F%E8%A6%8B-080010375.html,教團盼身心調適假不併事假 教部：持續徵詢意見,The Central News Agency 中央通訊社,2025年8月15日 週五 下午4:00
https://tw.news.yahoo.com/%E9%99%B3%E5%A5%95%E8%BF%85%E9%9A%B1%E7%9E%9E%E7%84%A6%E6%85%AE%E7%97%87%E6%9C%89%E5%85%A7%E5%B9%95-%E8%A6%AA%E5%8F%A3%E8%AD%89%E5%AF%A6%E9%83%BD%E6%98%AF%E7%82%BA%E4%BA%86-%E5%A5%B9-080017923.html,陳奕迅隱瞞焦慮症有內幕 親口證實都是為了「她」,陳曉涵,2025年8月15日 週五 下午4:00
https://tw.news.yahoo.com/%E6%80%95%E8%83%96%E4%B8%8D%E6%95%A2%E5%90%83%E6%B0%B4%E6%9E%9C-%E7%87%9F%E9%A4%8A%E5%B8%AB%E6%8F%AD-%E6%88%92%E6%B0%B4%E6%9E%9C%E5%8F%8D%E8%83%96%E9%99%B7%E9%98%B1-%E5%B0%8F%E8%B3%87%E5%A5%B3%E9%9D%A05%E6%AC%BE%E4%BD%8E%E7%B3%96%E6%B0%B4%E6%9E%9C%E7%98%A67%E5%85%AC%E6%96%A4-080021711.html,怕胖不敢吃水果？營養師揭「戒水果反胖陷阱」 小資女靠5款低糖水果瘦7公斤,李子晴 綜合報導,2025年8月15日 週五 下午4:00
https://tw.news.yahoo.com/%E4%BB%8A%E5%BD%A9539-815%E9%96%8B%E7%8D%8E-%E4%B8%AD%E7%8D%8E%E8%99%9F%E7%A2%BC2030%E9%96%8B%E7%8D%8E%E7%9B%B4%E6%92%AD%E7%9C%8B%E9%80%99%E7%AF%87-080053409.html,今彩539 8/15開獎 中獎號碼20:30開獎直播看這篇,Yahoo奇摩（即時新聞）,2025年8月15日 週五 下午4:00
https://tw.news.yahoo.com/%E5%8C%97%E5%B8%82%E4%B8%AD%E6%AD%A3%E3%80%8E%E5%9F%8E%E5%BF%83%E6%96%87%E7%A5%A5%E3%80%8F%E5%85%AC%E8%BE%A6%E9%83%BD%E6%9B%B4%E6%A1%88%E9%A0%86%E5%88%A9%E6%8B%9B%E5%95%86-%E5%B8%82%E6%9C%89%E5%9C%9F%E5%9C%B0%E5%86%8D%E6%B4%BB%E5%8C%96-080055394.html,北市中正『城心文祥』公辦都更案順利招商 市有土地再活化,住展房屋網,2025年8月15日 週五 下午4:00
https://tw.news.yahoo.com/%E5%8F%B0%E4%B8%AD%E6%8D%B7%E9%81%8B-%E6%89%8B%E7%99%A2%E5%93%A5-%E4%BA%82%E6%8C%89%E5%81%9C%E6%A9%9F%E9%88%95-%E9%9B%BB%E6%89%B6%E6%A2%AF%E6%80%A5%E7%85%9E%E4%B9%98%E5%AE%A2%E9%9A%AA%E6%91%94-%E9%80%B2%E7%AB%991%E8%90%AC%E7%BD%B0%E5%96%AE%E5%B0%B1%E9%A3%9B%E4%BE%86-080100774.html,台中捷運「手癢哥」亂按停機鈕 電扶梯急煞乘客險摔！一進站1萬罰單就飛來,FTNN新聞網,2025年8月15日 週五 下午4:01
https://tw.news.yahoo.com/%E5%A4%A7%E7%89%99%E9%9B%A2%E5%A9%9A%E5%BE%8C%E5%B0%87%E5%9C%A8%E9%80%99%E5%A4%A9%E9%A6%96%E9%9C%B2%E9%9D%A2-%E8%B5%B0%E5%87%BA%E6%BC%94%E8%97%9D%E4%BD%8E%E6%BD%AE%E9%87%8D%E5%9B%9E8%E9%BB%9E%E6%AA%94-080108793.html,大牙離婚後將在這天首露面！走出演藝低潮重回8點檔,林淑娟,2025年8月15日 週五 下午4:01
https://tw.news.yahoo.com/%E7%94%B7%E4%BA%82%E6%8C%89%E4%B8%AD%E6%8D%B7%E6%89%8B%E6%89%B6%E6%A2%AF%E7%B7%8A%E6%80%A5%E5%81%9C%E6%A9%9F%E9%88%95-%E8%AD%A6%E6%94%94%E6%9F%A5%E9%96%8B%E7%BD%B0-%E5%9C%96-080111638.html,男亂按中捷手扶梯緊急停機鈕 警攔查開罰 (圖),The Central News Agency 中央通訊社,2025年8月15日 週五 下午4:01
https://tw.news.yahoo.com/%E5%85%83%E5%AF%8C%E6%9C%9F%E8%B2%A8-%E9%B4%BB%E6%B5%B7%E9%A0%98%E8%BB%8D%E4%B8%8A%E6%94%BB-%E5%8A%A0%E6%AC%8A%E6%8C%87%E6%95%B8%E4%B8%8A%E6%BC%B20-4-%E9%80%B1%E7%B7%9A%E6%94%B6%E7%B4%85-080131072.html,元富期貨：鴻海領軍上攻，加權指數上漲0.4%，週線收紅,財訊快報,2025年8月15日 週五 下午4:01
https://tw.news.yahoo.com/%E5%8F%B0%E5%A1%91%E9%9B%86%E5%9C%98%E7%8E%8B%E6%96%87%E6%B7%B5%E4%BA%A4%E6%A3%92-%E5%8D%97%E4%BA%9E%E8%91%A3%E4%BA%8B%E9%95%B7%E5%90%B3%E5%98%89%E6%98%AD%E5%B0%87%E5%87%BA%E4%BB%BB%E7%B8%BD%E8%A3%81-080140193.html,台塑集團王文淵交棒 南亞董事長吳嘉昭將出任總裁,Yahoo奇摩（即時新聞）,2025年8月15日 週五 下午4:01
https://tw.news.yahoo.com/%E7%95%B6%E4%BB%A3%E9%9B%BB%E5%BD%B1%E5%A4%A7%E5%B8%AB-%E7%99%BB%E9%9F%93%E4%BB%81%E5%B7%9Dpentaport%E9%9F%B3%E6%A8%82%E7%AF%80-%E5%B1%95%E7%8F%BE%E5%8F%B0%E7%81%A3%E5%AF%A6%E9%A9%97%E9%9F%B3%E6%A8%82%E9%AD%85%E5%8A%9B-080206689.html,「當代電影大師」登韓仁川PENTAPORT音樂節 展現台灣實驗音樂魅力,陳曉涵,2025年8月15日 週五 下午4:02
https://tw.news.yahoo.com/%E6%94%9D%E5%BD%B1%E9%87%8D%E7%8F%BE%E6%98%94%E6%97%A5%E5%8F%B0%E5%91%B3%E9%A4%90%E9%A4%A8-%E5%8A%89%E4%BF%8A%E8%8C%82%E5%80%8B%E5%B1%95%E4%B8%B2%E9%80%A3%E5%8F%B0%E6%97%A5%E6%83%85-080212585.html,攝影重現昔日台味餐館 劉俊茂個展串連台日情,The Central News Agency 中央通訊社,2025年8月15日 週五 下午4:02
https://tw.news.yahoo.com/%E9%AB%98%E9%9B%84%E5%B8%82%E9%BC%93%E5%B1%B1%E6%BC%81%E6%B8%AF%E9%81%8A%E8%89%87%E7%BF%BB%E8%A6%86-%E6%B5%B7%E6%B4%8B%E5%B1%80-%E5%8E%9F%E5%9B%A0%E5%BE%85%E9%87%90%E6%B8%85-080219659.html,高雄市鼓山漁港遊艇翻覆！海洋局：原因待釐清,薛序安,2025年8月15日 週五 下午4:02
https://tw.news.yahoo.com/%E4%B8%8A%E6%AB%83%E5%85%AC%E5%8F%B8%E4%B8%8A%E5%8D%8A%E5%B9%B4%E9%80%BE%E5%85%AD%E6%88%90%E4%BC%81%E6%A5%AD%E7%8D%B2%E5%88%A9-eps%E7%A0%B410%E5%85%83%E9%81%9411%E5%AE%B6-080225191.html,上櫃公司上半年逾六成企業獲利 EPS破10元達11家,湯暖萱｜Yahoo財經特派記者,2025年8月15日 週五 下午4:02
https://tw.news.yahoo.com/ozone%E6%88%90%E8%BB%8D3%E5%91%A8%E5%B9%B4-%E8%84%AB%E5%8E%BB%E8%A5%AF%E8%A1%AB%E9%9C%B2%E8%82%8C%E5%B0%BA%E5%BA%A6%E5%A4%A7%E7%AA%81%E7%A0%B4-080229414.html,Ozone成軍3周年 脫去襯衫露肌尺度大突破,陳曉涵,2025年8月15日 週五 下午4:02
https://tw.news.yahoo.com/%E7%BE%8E%E7%B1%8D%E7%94%B7%E9%A3%9B%E6%A9%9F%E4%B8%8A%E5%BB%81%E6%89%80%E5%81%B7%E6%8A%BD%E9%9B%BB%E5%AD%90%E8%8F%B8-%E8%A7%B8%E5%8B%95%E8%AD%A6%E9%88%B4%E9%81%AD%E9%80%AE%E6%A1%83%E6%AA%A2%E8%B5%B7%E8%A8%B4-080244624.html,美籍男飛機上廁所偷抽電子菸 觸動警鈴遭逮桃檢起訴,塗豐駿,2025年8月15日 週五 下午4:02
https://tw.news.yahoo.com/%E6%9B%BE%E5%92%8C%E7%8E%8B%E5%86%A0%E9%96%8E-%E6%A5%8A%E5%8B%87%E7%B7%AF%E9%BD%8A%E5%90%8D-%E4%BA%9E%E9%81%8B%E9%AE%AE%E8%82%89-%E6%B3%B0%E6%98%9Fest%E6%94%9C%E6%89%8Bwilliam%E4%B8%8B%E6%9C%88%E4%BE%86%E5%8F%B0-080246824.html,曾和王冠閎、楊勇緯齊名「亞運鮮肉」泰星Est攜手William下月來台,孫伊萱,2025年8月15日 週五 下午4:02
https://tw.news.yahoo.com/%E6%A8%82%E5%A4%A9-%E9%98%BF%E8%BF%B7%E8%B6%B4-%E5%B0%87%E5%87%BA%E5%8B%95%E9%BB%91%E9%B7%B9%E7%9B%B4%E5%8D%87%E6%A9%9F-%E9%9C%87%E6%92%BC%E4%B8%BB%E5%A0%B4-080253786.html,樂天「阿迷趴」將出動黑鷹直升機 震撼主場,記者呂炯昌／台北報導,2025年8月15日 週五 下午4:02
https://tw.news.yahoo.com/%E6%9B%BE%E6%B2%9B%E6%85%88-%E7%95%B6%E5%AA%BD-%E8%B6%85%E7%B7%8A%E5%BC%B5-%E8%A8%B1%E9%A1%98%E4%B8%8D%E8%A6%81%E5%A4%AAover-080258874.html,曾沛慈「當媽」超緊張 許願不要太over,陳曉涵,2025年8月15日 週五 下午4:02
https://tw.news.yahoo.com/%E6%99%AE%E7%99%BC1%E8%90%AC-%E5%8E%AD%E5%A5%B3-%E4%BB%96%E6%8F%AD1%E6%8C%87%E6%A8%99%E7%B1%B2%E8%B3%B4%E6%B8%85%E5%BE%B7-%E6%96%B7%E9%9D%92%E9%B3%A5-072301172.html,普發1萬、厭女⋯他揭1指標籲賴清德：斷青鳥,記者李怡姍/綜合報導,2025年8月15日 週五 下午4:02
https://tw.news.yahoo.com/%E9%86%AB%E5%B8%AB%E5%A8%98%E5%81%B7%E5%90%83%E6%B8%85%E6%BD%94%E9%9A%8A%E5%93%A1-%E5%88%86%E6%89%8B%E9%81%AD%E7%88%86%E5%81%9C%E8%BB%8A%E5%A0%B4%E6%81%A9%E6%84%9B-%E5%8A%87%E7%83%88%E9%9C%87%E5%8B%95-080300059.html,醫師娘偷吃清潔隊員！分手遭爆停車場恩愛「劇烈震動」,責任編輯 賴彥琪,2025年8月15日 週五 下午4:03
https://tw.news.yahoo.com/%E5%8D%B3%E5%B0%87%E9%9B%A2%E8%81%B7%E5%A5%B9%E6%B8%85%E7%A9%BA%E4%BC%91%E5%81%87-%E7%94%B7%E5%8F%8B-%E5%AE%B6%E4%BA%BA%E7%AB%9F%E9%BD%8A%E6%89%B9-%E8%A7%80%E6%84%9F%E5%B7%AE-%E7%B6%B2%E5%98%86-081500423.html,即將離職她清空休假！男友、家人竟齊批「觀感差」 網嘆：真的奴,東森財經,2025年8月15日 週五 下午4:15
https://tw.news.yahoo.com/93%E8%BB%8D%E4%BA%BA%E7%AF%80%E6%B4%BB%E5%8B%95-%E5%9C%8B%E8%BB%8D%E5%98%89%E5%B9%B4%E8%8F%AF%E9%87%8D%E8%BF%94%E5%8F%B0%E5%8C%97%E4%BF%A1%E7%BE%A9%E9%A6%99%E5%A0%A4%E5%A4%A7%E9%81%93-081503860.html,93軍人節活動 國軍嘉年華重返台北信義香堤大道,宋玉寧,2025年8月15日 週五 下午4:15
https://tw.news.yahoo.com/%E5%B0%8F%E5%85%AC%E8%A6%96%E5%8F%A3%E8%A2%8B%E5%BD%B1%E5%B1%95%E9%96%8B%E5%B1%95%E8%A8%98%E8%80%85%E6%9C%83-1-%E5%9C%96-081522384.html,小公視口袋影展開展記者會（1） (圖),The Central News Agency 中央通訊社,2025年8月15日 週五 下午4:15
https://tw.news.yahoo.com/%E7%A7%91%E6%8A%80%E8%82%A1%E5%82%B5tisa%E5%9F%BA%E9%87%91%E4%BE%86%E4%BA%86-%E5%AE%9A%E6%9C%9F%E5%AE%9A%E9%A1%8D%E6%8A%B1%E7%A9%A9ai%E9%95%B7%E7%B7%9A%E8%B6%A8%E5%8B%A2-081610741.html,科技股債TISA基金來了 定期定額抱穩AI長線趨勢,工商時報 魏喬怡,2025年8月15日 週五 下午4:16
https://tw.news.yahoo.com/%E5%B0%8F%E5%85%AC%E8%A6%96%E5%8F%A3%E8%A2%8B%E5%BD%B1%E5%B1%95%E9%96%8B%E5%B1%95%E8%A8%98%E8%80%85%E6%9C%83-2-%E5%9C%96-081724463.html,小公視口袋影展開展記者會（2） (圖),The Central News Agency 中央通訊社,2025年8月15日 週五 下午4:17
https://tw.news.yahoo.com/%E9%87%91%E8%A6%96%E7%8D%8E%E9%A0%92%E7%8D%8E-%E8%AC%9D%E5%93%B2%E9%9D%92%E4%BB%BB%E9%A0%92%E7%8D%8E%E4%BA%BA-%E5%9C%96-081727657.html,金視獎頒獎 謝哲青任頒獎人 (圖),The Central News Agency 中央通訊社,2025年8月15日 週五 下午4:17
https://tw.news.yahoo.com/%E8%95%AD%E7%85%8C%E5%A5%87%E5%86%8D%E7%8F%BE-%E5%9C%B0%E7%8D%84%E5%93%8F-%E5%B9%AB%E6%9D%8E%E7%82%B3%E8%BC%9D-%E9%87%8F%E8%A6%96%E5%8A%9B-081815933.html,蕭煌奇再現「地獄哏」 幫李炳輝「量視力」,周刊王CTWANT |常朝貴,2025年8月15日 週五 下午4:18
https://tw.news.yahoo.com/%E5%8D%97%E6%8A%95%E4%BB%81%E6%84%9B%E6%96%B0%E6%AD%A6%E7%95%8C%E6%A9%8B%E5%BE%A9%E5%BB%BA%E5%AE%8C%E5%B7%A5%E9%80%9A%E8%BB%8A-%E5%9C%96-081829597.html,南投仁愛新武界橋復建完工通車 (圖),The Central News Agency 中央通訊社,2025年8月15日 週五 下午4:18
https://tw.news.yahoo.com/%E5%B0%8F%E5%85%AC%E8%A6%96%E5%8F%A3%E8%A2%8B%E5%BD%B1%E5%B1%95%E9%96%8B%E5%B1%95%E8%A8%98%E8%80%85%E6%9C%83-3-%E5%9C%96-081831289.html,小公視口袋影展開展記者會（3） (圖),The Central News Agency 中央通訊社,2025年8月15日 週五 下午4:18
https://tw.news.yahoo.com/%E9%9B%B2%E6%9E%974%E7%89%B9%E8%89%B2%E5%95%86%E5%9C%88%E4%B8%B2%E8%81%AF%E6%8E%A8%E4%B8%BB%E9%A1%8C%E8%B3%BC%E7%89%A9%E6%B4%BB%E5%8B%95-%E5%9C%96-081833722.html,雲林4特色商圈串聯推主題購物活動 (圖),The Central News Agency 中央通訊社,2025年8月15日 週五 下午4:18
https://tw.news.yahoo.com/%E4%BF%A1%E7%BE%A9%E5%BE%92%E6%AD%A5%E5%8D%80%E5%87%BA%E7%8F%BE-%E7%A4%BE%E4%BA%A4%E8%B7%AF%E8%B7%91%E5%9C%98-%E6%92%9E%E8%B7%AF%E4%BA%BA%E4%B8%8D%E9%81%93%E6%AD%89%E8%A2%AB%E7%BD%B5%E7%BF%BB-%E4%B8%BB%E8%BE%A6%E6%96%B9%E5%87%BA%E9%9D%A2%E9%81%93%E6%AD%89%E4%BA%86-081843406.html,信義徒步區出現「社交路跑團」！撞路人不道歉被罵翻 主辦方出面道歉了,周刊王CTWANT |吳家瑋,2025年8月15日 週五 下午4:18
https://tw.news.yahoo.com/%E6%8B%89%E6%94%8F%E4%B8%AD%E9%9F%93-%E7%9F%B3%E7%A0%B4%E8%8C%82%E6%94%B9%E8%AE%8A%E6%88%B0%E7%88%AD%E6%95%98%E4%BA%8B-%E8%87%B4%E8%A9%9E%E5%BC%B7%E8%AA%BF-%E5%8F%8D%E7%9C%81-081851073.html,拉攏中韓？石破茂改變戰爭敘事 致詞強調「反省」,Newtalk新聞 |洪聖斐 編譯,2025年8月15日 週五 下午4:18
https://tw.news.yahoo.com/%E8%95%AD%E7%85%8C%E5%A5%87%E5%9C%B0%E7%8D%84%E6%A2%97%E8%B6%85%E7%8B%82-%E6%9B%BF%E6%9D%8E%E7%82%B3%E8%BC%9D%E9%87%8F%E8%A6%96%E5%8A%9B-%E9%A9%9A%E4%BA%BA%E7%AC%91%E6%96%99%E5%85%A8%E6%9B%9D%E5%85%89-081900523.html,蕭煌奇地獄梗超狂！「替李炳輝量視力」驚人笑料全曝光,記者 楊雅芸,2025年8月15日 週五 下午4:19
https://tw.news.yahoo.com/%E5%9C%8B%E5%85%A7%E9%A6%96%E6%AA%94%E5%A4%9A%E8%B3%87%E7%94%A2%E5%B9%B3%E8%A1%A1%E5%9E%8Betf%E7%99%BB%E5%A0%B4-%E5%87%B1%E5%9F%BA00980t%E4%BB%8A%E6%8E%9B%E7%89%8C-081905360.html,國內首檔多資產平衡型ETF登場！凱基00980T今掛牌,Newtalk新聞 |黃偉柏 綜合報導,2025年8月15日 週五 下午4:19
https://tw.news.yahoo.com/%E5%8D%97%E6%A9%AB-%E5%AE%B6%E4%BA%94%E5%8F%A3%E5%A2%9C%E8%B0%B7-%E6%84%8F%E5%A4%96%E9%9A%AA%E6%8B%92%E8%B3%A0-%E4%BD%8E%E6%94%B6%E5%BE%AE%E5%9E%8B%E4%BF%9D%E9%9A%AA%E4%B9%9F%E7%84%A1%E6%B3%95%E9%A0%98-%E5%8E%9F%E5%9B%A0%E6%9B%9D%E5%85%89-081926438.html,南橫一家五口墜谷 意外險拒賠、低收微型保險也無法領 原因曝光,任義宇,2025年8月15日 週五 下午4:19
https://tw.news.yahoo.com/%E5%8F%B0%E4%B8%AD%E7%94%B7%E5%AE%B6%E4%B8%AD%E6%96%BD%E7%94%A8%E6%AF%92%E5%93%81-%E6%AF%8D%E9%80%9A%E5%A0%B1%E8%AD%A6%E6%96%B9-%E5%9C%96-081935276.html,台中男家中施用毒品 母通報警方 (圖),The Central News Agency 中央通訊社,2025年8月15日 週五 下午4:19
https://tw.news.yahoo.com/%E4%BA%9E%E5%A1%9E%E6%8B%9C%E7%84%B6%E8%80%83%E6%85%AE%E6%81%A2%E5%BE%A9%E8%BB%8D%E6%8F%B4%E7%83%8F%E5%85%8B%E8%98%AD-%E5%B0%88%E5%AE%B6-%E4%B8%8D%E6%87%BC%E4%BF%84%E7%BE%85%E6%96%AF%E5%A8%81%E8%84%85-082009284.html,亞塞拜然考慮恢復軍援烏克蘭 專家：不懼俄羅斯威脅,Newtalk新聞 |洪聖斐 編譯,2025年8月15日 週五 下午4:20
https://tw.news.yahoo.com/%E5%8F%B0%E5%8D%97%E4%BD%B3%E9%87%8C%E5%A5%87%E7%BE%8E%E9%86%AB%E9%99%A2%E9%86%AB%E8%AD%B7%E8%A1%9D%E8%BB%8A%E7%A6%8D%E7%8F%BE%E5%A0%B4%E5%8A%A9%E6%95%91%E4%BA%BA-%E5%9C%96-082037365.html,台南佳里奇美醫院醫護衝車禍現場助救人 (圖),The Central News Agency 中央通訊社,2025年8月15日 週五 下午4:20
https://tw.news.yahoo.com/%E9%87%91%E8%A6%96%E7%8D%8E%E9%A0%92%E7%8D%8E-%E9%99%B3%E9%9B%85%E7%90%B3%E4%BB%BB%E9%A0%92%E7%8D%8E%E4%BA%BA-%E5%9C%96-082040247.html,金視獎頒獎 陳雅琳任頒獎人 (圖),The Central News Agency 中央通訊社,2025年8月15日 週五 下午4:20
https://tw.news.yahoo.com/%E5%9C%8B3%E5%8F%B0%E5%8D%97%E5%96%84%E5%8C%96%E6%AE%B5%E8%BB%8A%E7%A6%8D-8%E4%BA%BA%E9%80%81%E9%86%AB-%E5%9C%96-082042369.html,國3台南善化段車禍 8人送醫 (圖),The Central News Agency 中央通訊社,2025年8月15日 週五 下午4:20
https://tw.news.yahoo.com/%E8%80%83%E6%85%AE%E5%8A%A0%E5%85%A5%E7%A7%9F%E5%B1%8B%E8%A3%9C%E8%B2%BC-%E4%BB%96-%E7%AE%97-%E7%A7%9F%E9%87%91%E5%BE%97%E5%8A%A02%E5%8D%83-%E9%81%8E%E4%BE%86%E4%BA%BA%E5%8B%B8-082100693.html,考慮加入租屋補貼！ 他一算「租金得加2千」 過來人勸：跑不掉,東森財經,2025年8月15日 週五 下午4:21
https://tw.news.yahoo.com/%E7%99%BD%E7%8B%BC-%E5%85%92%E5%AD%90%E6%B2%92%E4%BE%86%E5%A0%B1%E5%88%B0-%E5%BC%B5%E7%91%8B%E4%BE%B5%E5%8D%A0%E7%BD%AA%E5%88%A4%E5%88%91-%E5%B9%B4%E7%99%BC%E7%9B%A3%E4%B8%8D%E5%88%B0%E6%A1%88-%E6%AA%A2%E6%96%B9%E9%96%8B%E9%80%9A%E7%B7%9D%E4%BB%A4-082110013.html,「白狼」兒子沒來報到！張瑋侵占罪判刑一年發監不到案 檢方開通緝令,周刊王CTWANT |中國時報陳志賢,2025年8月15日 週五 下午4:21
https://tw.news.yahoo.com/%E9%87%91%E8%A6%96%E7%8D%8E%E9%A0%92%E7%8D%8E-%E9%99%B3%E8%8F%AF%E7%8D%BB%E5%94%B1-%E5%9C%96-082144113.html,金視獎頒獎 陳華獻唱 (圖),The Central News Agency 中央通訊社,2025年8月15日 週五 下午4:21
https://tw.news.yahoo.com/%E9%87%91%E8%A6%96%E7%8D%8E%E9%A0%92%E7%8D%8E-%E9%BB%83%E4%BF%A1%E5%A0%AF%E4%BB%BB%E9%A0%92%E7%8D%8E%E4%BA%BA-%E5%9C%96-082246881.html,金視獎頒獎 黃信堯任頒獎人 (圖),The Central News Agency 中央通訊社,2025年8月15日 週五 下午4:22
https://tw.news.yahoo.com/%E4%B8%96%E9%81%8B%E5%A5%B3%E5%A3%98-%E6%9D%8E%E6%80%9D%E8%A9%A9%E5%B0%8D%E4%B8%AD%E5%9C%8B-%E8%8D%B7%E8%98%AD%E9%83%BD%E9%96%8B%E8%BD%9F-%E5%8F%B0%E7%81%A3%E6%99%894%E5%BC%B7-082248781.html,世運女壘》李思詩對中國、荷蘭都開轟 台灣晉4強,吳孟儒,2025年8月15日 週五 下午4:22
https://tw.news.yahoo.com/%E7%9B%A7%E7%A7%80%E7%87%95%E9%81%B8%E4%B8%8D%E9%81%B8%E9%BB%A8%E4%B8%BB%E5%B8%AD%E5%BD%B1%E9%9F%BF%E8%97%8D%E7%99%BD%E5%90%88-%E9%BB%83%E5%9C%8B%E6%98%8C-%E4%B8%8D%E4%BE%BF%E9%81%8E%E5%BA%A6%E8%A9%95%E8%AB%96-082328242.html,盧秀燕選不選黨主席影響藍白合？ 黃國昌：不便過度評論,張軒哲,2025年8月15日 週五 下午4:23
https://tw.news.yahoo.com/%E7%94%9C%E9%BB%9E%E8%A7%A3%E9%8E%96%E6%80%A7%E6%A0%BC%E5%AF%86%E7%A2%BC-%E6%96%B0%E5%8C%97%E9%A6%96%E6%9C%ACmbti%E5%89%B5%E6%84%8F%E9%A3%9F%E8%AD%9C-%E5%91%BD%E5%AE%9A%E7%94%9C%E9%BB%9E%E5%9C%A8%E7%AD%89%E4%BD%A0-%E7%99%BC%E5%B8%83-082435291.html,甜點解鎖性格密碼 新北首本MBTI創意食譜《命定甜點在等你》發布,羅國嘉,2025年8月15日 週五 下午4:24
https://tw.news.yahoo.com/%E5%85%AC%E6%8A%95%E6%98%AF%E5%85%AC%E6%B0%91%E6%AC%8A%E5%88%A9-%E9%8D%BE%E6%9D%B1%E9%8C%A6%E5%91%BC%E7%B1%B2%E8%8B%97%E6%A0%97%E9%84%89%E8%A6%AA%E8%B8%B4%E8%BA%8D%E6%8A%95%E7%A5%A8%E8%A1%A8%E9%81%94%E6%84%8F%E8%A6%8B-082440797.html,公投是公民權利 鍾東錦呼籲苗栗鄉親踴躍投票表達意見,張勳騰,2025年8月15日 週五 下午4:24
https://tw.news.yahoo.com/%E5%AE%B6%E4%BA%94%E5%8F%A3%E4%BA%A1%E5%91%BD%E5%8D%97%E6%A9%AB-%E7%88%B6-3%E5%BA%A6%E7%88%AC%E5%9D%91-%E6%95%91%E4%BA%BA%E4%B9%9F%E5%B0%8B%E4%B8%8D%E5%9B%9E-%E6%84%8F%E5%A4%96%E9%9A%AA%E6%81%90%E4%B8%8D%E8%B3%A0-000043655.html,一家五口亡命南橫！父跳坑「明知危險而為之」 意外險恐不賠,溫振甫,2025年8月15日 週五 下午4:25
https://tw.news.yahoo.com/angelababy%E7%8F%BE%E8%B9%A4%E8%A1%97%E9%A0%AD-%E7%B7%8A%E7%89%BD8%E6%AD%B2%E5%85%92-%E7%A7%81%E4%B8%8B%E9%9D%A2%E8%B2%8C%E5%85%A8%E8%A2%AB%E6%8B%8D-082600756.html,Angelababy現蹤街頭！「緊牽8歲兒」私下面貌全被拍,記者 黃雅琪,2025年8月15日 週五 下午4:26
https://tw.news.yahoo.com/%E7%94%B7%E5%AD%90%E7%88%AC%E9%9B%BB%E5%A1%94%E9%81%AD%E9%9B%BB%E6%93%8A%E8%BA%AB%E4%BA%A1%E9%82%84%E5%BC%95%E7%99%BC%E7%81%AB%E7%87%92%E5%B1%B1-%E9%AB%98%E5%A4%A7%E6%88%90-%E7%9B%B8%E7%95%B6%E7%BD%95%E8%A6%8B-060844222.html,男子爬電塔遭電擊身亡還引發火燒山！高大成：相當罕見,薛序安,2025年8月15日 週五 下午4:26
https://tw.news.yahoo.com/%E8%B3%B4%E6%B8%85%E5%BE%B7%E9%81%BF%E8%AB%87%E6%8A%97%E6%88%B0%E6%80%95%E5%BE%97%E7%BD%AA%E6%97%A5%E6%9C%AC%E5%A4%A7%E5%93%A5%E5%93%A5-%E8%AC%9D%E9%BE%8D%E4%BB%8B-%E6%9B%B2%E6%84%8F%E5%A5%89%E6%89%BF-082652910.html,賴清德避談抗戰怕得罪日本大哥哥？謝龍介：曲意奉承,李培睿,2025年8月15日 週五 下午4:26
https://tw.news.yahoo.com/%E9%AB%98%E9%9B%84-%E5%AE%B65%E5%8F%A3%E5%A2%9C%E8%B0%B7%E6%A1%88-%E7%88%B6-3%E5%BA%A6%E7%88%AC%E5%9D%91-%E4%BF%9D%E9%9A%AA%E4%B8%8D%E8%B3%A0-082859678.html,高雄一家5口墜谷案 父「3度爬坑」保險不賠？金管會說話了,李奕緯,2025年8月15日 週五 下午4:28
https://tw.news.yahoo.com/%E5%85%A8%E5%8F%B0%E9%A6%96%E8%A6%8B-%E9%AB%98%E7%A7%91%E6%8A%80%E7%9B%9C%E5%88%B7%E5%9C%983%E9%80%B1%E7%8B%82%E6%8E%832%E5%8D%83%E8%90%AC-%E9%9D%9E%E6%B3%95app%E9%A8%99%E9%81%8E%E5%88%B7%E5%8D%A1%E6%A9%9F-082900111.html,全台首見！高科技盜刷團3週狂掃2千萬 非法APP騙過刷卡機,FTNN新聞網,2025年8月15日 週五 下午4:29
https://tw.news.yahoo.com/%E5%A5%B3%E9%81%8A%E5%AE%A2%E9%A2%A8%E6%99%AF%E5%8D%80%E6%8B%BF%E9%A6%99%E8%95%89%E9%80%97%E9%87%8E%E7%94%9F%E7%8C%B4-%E4%B8%8B-%E7%A7%92%E8%A2%AB%E8%B8%B9%E9%A3%9B%E8%B7%8C%E8%90%BD%E5%B1%B1%E8%B0%B7-082908067.html,女遊客風景區拿香蕉逗野生猴 下一秒被踹飛跌落山谷,周刊王CTWANT |網編組,2025年8月15日 週五 下午4:29
https://tw.news.yahoo.com/%E6%8A%95%E4%BF%A1%E9%80%A34%E8%B3%A3-%E5%A4%96%E8%B3%87%E5%9B%9E%E9%A0%AD%E4%B8%8B%E4%B8%89%E5%A4%A7%E6%B3%95%E4%BA%BA%E8%B2%B7%E8%B6%8548-6%E5%84%84%E5%85%83-%E7%B6%B2%E5%98%86-%E5%A4%A7%E5%93%A5%E4%B8%8D%E6%98%AF%E5%A4%A7%E5%93%A5%E4%BA%86-083000096.html,投信連4賣！外資回頭下三大法人買超48.6億元 網嘆：大哥不是大哥了,FTNN新聞網,2025年8月15日 週五 下午4:30
https://tw.news.yahoo.com/%E5%BC%B5%E4%BA%9E%E4%B8%AD%E5%B0%88%E6%AC%84-%E6%87%89%E4%BF%AE%E6%B3%95%E4%BB%A5%E5%9A%B4%E6%87%B2%E5%81%B5%E8%A8%8A%E8%B3%87%E6%96%99%E5%A4%96%E6%B4%A9-083133871.html,【張亞中專欄】應修法以嚴懲偵訊資料外洩,張 亞中,2025年8月15日 週五 下午4:31
https://tw.news.yahoo.com/%E6%9B%BE%E4%BB%BB101%E8%A7%80%E5%85%89%E6%97%85%E9%81%8A%E8%99%95%E7%B8%BD%E7%9B%A3-%E9%82%B1%E5%81%A5%E5%90%BE%E6%8E%A5%E5%8C%97%E6%8D%B7%E9%81%8A%E6%86%A9%E5%85%AC%E5%8F%B8%E7%B8%BD%E7%B6%93%E7%90%86-081527156.html,曾任101觀光旅遊處總監 邱健吾接北捷遊憩公司總經理,The Central News Agency 中央通訊社,2025年8月15日 週五 下午4:15
https://tw.news.yahoo.com/%E8%83%BD%E7%8E%87%E6%A9%9F%E5%99%A8%E4%BA%BA%E4%BD%88%E5%B1%80%E7%99%BC%E5%8A%9F-%E6%AF%85%E9%87%91%E6%A9%9F%E5%99%A8%E6%89%8B%E8%87%82%E9%AB%98cp%E5%80%BC%E6%90%B6%E5%B8%82-%E6%94%9C%E6%89%8B%E7%BE%8Emantis%E5%9B%9E%E5%8F%B0%E7%94%9F%E7%94%A2-081527255.html,能率機器人佈局發功，毅金機器手臂高CP值搶市，攜手美Mantis回台生產,財訊快報,2025年8月15日 週五 下午4:15
https://tw.news.yahoo.com/%E6%B2%92%E6%B4%97%E7%89%99%E5%BE%8C%E6%9E%9C%E8%B6%85%E5%9A%B4%E9%87%8D-%E7%89%99%E8%8F%8C%E6%96%91%E6%90%AD%E8%A1%80%E6%B6%B2%E8%B7%91%E5%85%A8%E8%BA%AB-%E6%81%90%E5%AE%B3%E5%8B%95%E8%84%88%E7%A1%AC%E5%8C%96-082340013.html,「高血糖」像把血管泡王水裡！ 3危險習慣恐害動脈硬化,吳紹尹,2025年8月15日 週五 下午4:15
https://tw.news.yahoo.com/%E8%98%87%E6%BE%B3%E6%B8%AF%E6%B3%A2%E6%B5%AA%E7%99%BC%E9%9B%BB%E8%A9%A6%E9%A9%97-%E5%85%A8%E5%8F%B0%E5%95%86%E6%B8%AF%E9%A6%96%E4%BE%8B-081530533.html,蘇澳港波浪發電試驗 全台商港首例,The Central News Agency 中央通訊社,2025年8月15日 週五 下午4:15
https://tw.news.yahoo.com/%E5%9C%8B3%E5%8F%B0%E5%8D%97%E5%96%84%E5%8C%96%E6%AE%B5%E5%BB%82%E5%9E%8B%E8%BB%8A%E6%92%9E%E9%98%B2%E6%92%9E%E8%BB%8A-8%E4%BA%BA%E5%8F%97%E5%82%B7%E9%80%81%E9%86%AB-081532645.html,國3台南善化段廂型車撞防撞車 8人受傷送醫,The Central News Agency 中央通訊社,2025年8月15日 週五 下午4:15
https://tw.news.yahoo.com/%E5%AA%92%E9%AB%94%E5%A4%A7%E4%BA%A8%E9%BB%8E%E6%99%BA%E8%8B%B1%E5%81%A5%E5%BA%B7%E7%8B%80%E6%B3%81%E6%83%A1%E5%8C%96-%E5%B7%9D%E6%99%AE%E5%AE%A3%E7%A4%BA%E5%87%BA%E6%89%8B%E7%87%9F%E6%95%91-%E5%AF%A9%E8%A8%8A%E5%BB%B6%E5%BE%8C%E5%86%8D%E6%8E%80%E9%97%9C%E6%B3%A8-081548471.html,媒體大亨黎智英健康狀況惡化！川普宣示出手營救 審訊延後再掀關注,Newtalk新聞 |曾郡秋 綜合報導,2025年8月15日 週五 下午4:15
https://tw.news.yahoo.com/%E9%83%81%E6%96%B9%E5%85%92%E6%9C%89%E6%9C%9B%E5%90%88%E7%85%A7%E9%BB%83%E4%BB%81%E5%8B%B3-%E8%A1%9D%E6%88%BF%E9%96%93%E7%82%AB%E8%80%80%E5%BE%975%E7%8D%8E-1%E5%8E%9F%E5%9B%A0%E6%85%98%E9%81%AD%E5%AF%8C%E5%95%86%E7%88%B8-%E6%B4%97%E8%87%89-081600568.html,郁方兒有望合照黃仁勳！！衝房間炫耀得5獎 1原因慘遭富商爸「洗臉」,三立新聞網,2025年8月15日 週五 下午4:16
https://tw.news.yahoo.com/%E5%BF%AB%E8%A8%8A-%E5%9C%8B%E9%81%93%E5%9A%B4%E9%87%8D%E8%BB%8A%E7%A6%8D-%E5%BB%82%E5%9E%8B%E8%BB%8A%E6%92%9E%E5%B7%A5%E7%A8%8B%E8%BB%8A%E9%98%B2%E6%92%9E%E8%BB%8A-%E5%9C%8B%E4%B8%AD%E6%A3%92%E7%90%83%E9%9A%8A8%E4%BA%BA%E9%80%81%E9%86%AB-081600541.html,快訊／國道嚴重車禍！廂型車撞工程車防撞車 國中棒球隊8人送醫,三立新聞網,2025年8月15日 週五 下午4:16
https://tw.news.yahoo.com/%E5%90%8D%E9%86%AB%E9%99%B3%E5%A0%AF%E4%BF%90%E4%BB%B2%E4%BB%8B9%E4%BA%BA%E8%B5%B4%E4%B8%AD%E5%9C%8B%E6%8F%9B%E8%82%9D-5%E5%B9%B4%E5%85%A75%E4%BA%BA%E7%9B%B8%E7%B9%BC%E6%AD%BB%E4%BA%A1-%E5%BD%B0%E5%9F%BA-%E6%97%A9%E5%B0%B1%E4%B8%8D%E7%BA%8C%E8%81%98-081600852.html,名醫陳堯俐仲介9人赴中國換肝！5年內5人相繼死亡 彰基：早就不續聘,三立新聞網,2025年8月15日 週五 下午4:16
https://tw.news.yahoo.com/%E5%BF%AB%E8%A8%8A-%E8%B6%85%E6%89%AF%E7%95%AB%E9%9D%A2%E6%9B%9D-%E5%90%8A%E8%BB%8A%E5%A4%B1%E6%8E%A7-%E6%A0%BD%E8%B7%9F%E6%96%97-%E5%80%92%E7%AB%8B-081600093.html,快訊／超扯畫面曝！吊車失控「栽跟斗」倒立「90度貼地」吊臂重摔砸傷人,三立新聞網,2025年8月15日 週五 上午1:16
https://tw.news.yahoo.com/%E8%92%B2%E4%BA%AD%E8%A8%AA%E7%BE%8E%E6%9C%83%E8%A2%AB%E9%80%AE%E6%8D%95-%E6%98%94%E9%81%AD%E5%9C%8B%E9%9A%9B%E6%B3%95%E9%99%A2%E9%80%9A%E7%B7%9D%E7%9C%9F%E7%9B%B8%E6%9B%9D-081612021.html,蒲亭訪美會被逮捕？昔遭國際法院通緝真相曝,國際中心陳政嘉／綜合報導,2025年8月15日 週五 下午4:16
https://tw.news.yahoo.com/%E5%9C%8B%E7%94%A2%E5%8A%A0%E5%BF%AB%E9%AB%98%E8%B3%AA%E5%8C%96%E6%B7%B7%E5%87%9D%E5%9C%9F%E5%B8%83%E5%B1%80-%E5%98%89%E7%BE%A9%E5%98%89%E5%A4%AA%E5%BB%A0%E6%93%B4%E5%A2%9E30%E8%90%AC%E7%AB%8B%E6%96%B9%E7%B1%B3%E4%BD%8E%E7%A2%B3%E7%94%A2%E7%B7%9A-081627072.html,國產加快高質化混凝土布局，嘉義嘉太廠擴增30萬立方米低碳產線,財訊快報,2025年8月15日 週五 下午4:16
https://tw.news.yahoo.com/%E6%97%A5%E6%9C%AC%E6%AD%B7%E5%8F%B2%E5%AD%B8%E8%80%85-%E6%97%A5%E6%9C%AC%E6%94%BF%E5%BA%9C%E4%B8%8D%E9%A1%98%E7%82%BA%E6%89%80%E7%8A%AF%E4%B8%8B%E7%9A%84%E4%BA%8C%E6%88%B0%E6%88%B0%E7%88%AD%E7%BD%AA%E8%A1%8C%E8%B2%A0%E8%B2%AC-081630535.html,日本歷史學者：日本政府不願為所犯下的二戰戰爭罪行負責,杜宗熹,2025年8月15日 週五 下午4:16
https://tw.news.yahoo.com/%E6%95%91%E7%81%BD%E8%A6%96%E5%90%8C%E4%BD%9C%E6%88%B0-%E7%AC%AC8%E8%BB%8D%E5%9C%98%E4%B8%BB%E5%8B%95%E6%8A%95%E5%85%A5%E5%8D%97%E9%83%A8%E7%81%BD%E5%BE%8C%E5%BE%A9%E5%8E%9F-081648108.html,救災視同作戰 第8軍團主動投入南部災後復原,宋玉寧,2025年8月15日 週五 下午4:16
https://tw.news.yahoo.com/%E6%89%8D%E6%8B%8D%E6%9D%BF%E8%AA%BF%E8%96%AA2-%E5%8F%B0%E5%A1%91%E9%9B%86%E5%9C%98%E7%8E%8B%E6%96%87%E6%B7%B5%E5%AE%A3%E5%B8%83%E4%BA%A4%E6%A3%92-%E6%96%B0%E7%B8%BD%E8%A3%81%E5%A7%93%E5%90%B3-081700967.html,才拍板調薪2%！ 台塑集團王文淵宣布交棒「新總裁姓吳」,吳妍,2025年8月15日 週五 下午4:17
https://tw.news.yahoo.com/%E5%85%88%E6%8A%BC%E5%86%8D%E6%94%BE%E5%86%8D%E7%BE%88%E6%8A%BC-%E5%8F%B0%E5%8D%97%E7%89%88%E4%BB%99%E5%A1%94%E5%BE%8B%E5%B8%AB-1%E5%80%8B%E6%9C%88%E5%85%A7%E4%BA%8C%E5%BA%A6%E8%A2%AB%E6%8A%BC-081717835.html,先押再放再羈押！「台南版仙塔律師」1個月內二度被押,李則緯,2025年8月15日 週五 下午4:17
https://tw.news.yahoo.com/%E4%BF%84%E7%BE%85%E6%96%AF%E9%85%8D%E5%82%99-%E9%8B%AF%E7%9F%B3-%E6%96%B022350%E5%9E%8B%E5%B7%A1%E9%98%B2%E8%89%A6%E4%B8%8B%E6%B0%B4-%E5%BE%8C%E7%99%BC%E5%85%88%E8%87%B3-2026%E9%83%A8%E7%BD%B2%E9%81%A0%E6%9D%B1-081740527.html,俄羅斯配備「鋯石」新22350型巡防艦下水 「後發先至」2026部署遠東,Newtalk新聞 |吳賜山 綜合報導,2025年8月15日 週五 下午4:17
https://tw.news.yahoo.com/%E4%B8%AD%E7%A7%8B%E6%81%90%E5%90%83%E4%B8%8D%E5%88%B0%E8%8A%AD%E6%A8%82-%E6%A8%B9%E6%A0%B9%E6%B3%A1%E6%B0%B4%E8%90%BD%E6%9E%9C%E7%94%A2%E9%87%8F%E5%A4%A7%E6%B8%9B-%E4%BC%B0%E9%9C%80%E5%8D%8A%E5%B9%B4%E6%81%A2%E5%BE%A9%E5%85%83%E6%B0%A3-081758895.html,中秋恐吃不到芭樂！樹根泡水落果產量大減 估需半年恢復元氣,顏宏駿,2025年8月15日 週五 下午4:17
https://tw.news.yahoo.com/%E9%97%96%E5%BE%B7%E5%9C%8B%E7%B4%85%E7%87%88%E5%8D%80%E6%90%AD%E8%A8%95%E6%B4%8B%E7%94%B7-%E6%9C%A8%E6%9B%9C%E5%A5%B3%E7%A5%9E%E6%8C%A8%E9%85%B8-%E5%8F%B0%E5%A5%B3ez-%E4%B8%8D%E5%BF%8D%E4%BA%86-%E8%A6%AA%E4%B8%8A%E7%81%AB%E7%B7%9A%E5%8F%8D%E6%93%8A-081800963.html,闖德國紅燈區搭訕洋男！木曜女神挨酸「台女EZ」不忍了 親上火線反擊,三立新聞網,2025年8月15日 週五 下午4:18
https://tw.news.yahoo.com/%E5%98%89%E7%BE%A9%E6%B0%91%E5%92%8C%E5%9C%8B%E4%B8%AD%E6%A3%92%E7%90%83%E9%9A%8A%E5%9C%8B3%E8%BB%8A%E7%A6%8D%E5%BB%82%E5%9E%8B%E8%BB%8A%E8%AE%8A%E5%BD%A2-%E8%AD%A6%E6%B6%88%E5%8A%A98%E4%BA%BA%E8%84%AB%E5%9B%B0%E9%80%81%E9%86%AB-081809315.html,嘉義民和國中棒球隊國3車禍廂型車變形 警消助8人脫困送醫,Yahoo奇摩（即時新聞）,2025年8月15日 週五 下午4:18
https://tw.news.yahoo.com/%E5%8C%97%E5%A3%AB%E7%A7%91%E7%99%BC%E5%B1%95%E7%88%AD%E8%AD%B0%E5%BB%B6%E7%87%92-%E5%90%B3%E6%80%9D%E7%91%A4-%E9%BB%83%E7%80%9E%E7%91%A9%E9%9A%94%E7%A9%BA%E4%BA%A4%E7%81%AB-081835957.html,北士科發展爭議延燒 吳思瑤、黃瀞瑩隔空交火,黃彥昇,2025年8月15日 週五 下午4:18
https://tw.news.yahoo.com/%E4%BB%BF-%E5%8D%97%E6%96%B9%E5%9B%9B%E8%B3%A4%E5%AE%A2-%E5%85%AC%E6%8A%95%E5%BB%A3%E5%91%8A%E6%BB%BF%E6%BB%BF%E5%BD%A9%E8%9B%8B%E7%88%86%E7%B4%85-%E5%9C%8B%E6%B0%91%E9%BB%A8%E5%86%8D%E8%A3%9C%E5%88%80-%E7%B5%95%E7%84%A1%E6%96%87%E5%8C%96%E9%83%A8%E8%A3%9C%E5%8A%A9-081900640.html,仿《南方四賤客》公投廣告滿滿彩蛋爆紅 國民黨再補刀：絕無文化部補助,林高,2025年8月15日 週五 下午4:19
https://tw.news.yahoo.com/%E5%90%83%E5%8D%B3%E9%A3%9F%E9%9B%9E%E8%83%B8%E8%82%89%E8%A6%81%E5%B0%8F%E5%BF%83-%E5%B0%88%E5%AE%B6%E6%9B%9D-%E4%BF%9D%E5%AD%98%E9%97%9C%E9%8D%B5-%E9%8C%AF%E4%BA%86%E6%81%90%E4%B8%AD%E6%AF%92-%E5%8A%A0%E7%86%B1%E5%BE%8C%E6%9B%B4%E5%AE%89%E5%85%A8-082500627.html,吃即食雞胸肉要小心！專家曝「保存關鍵」：錯了恐中毒 加熱後更安全,常春月刊--全宇宙最實用的保健知識,2025年8月15日 週五 下午4:25
https://tw.news.yahoo.com/2049%E5%AA%BD%E7%A5%96%E9%81%B6%E6%9C%88%E5%A4%AA%E7%A9%BA%E7%AB%99-%E5%B1%95%E7%99%BB%E5%A0%B4-%E8%9E%8D%E5%90%88%E7%A7%91%E5%B9%BB%E8%88%87%E8%87%BA%E7%81%A3%E7%B2%BE%E7%A5%9E%E6%83%B3%E5%83%8F%E5%BE%8C%E4%BA%BA%E9%A1%9E%E6%9C%AA%E4%BE%86-082559195.html,《2049媽祖遶月太空站》展登場 融合科幻與臺灣精神想像後人類未來,國立教育廣播電台,2025年8月15日 週五 下午4:25
https://tw.news.yahoo.com/%E6%96%B0%E5%8C%97%E5%B8%82%E5%9C%96%E7%8D%B2%E5%A2%9E-%E5%9C%8B%E5%AE%B6%E5%9C%B0%E7%90%86%E5%85%AC%E6%92%AD%E5%BD%B1%E9%9F%B3%E8%B3%87%E6%BA%90-70%E9%83%A8%E7%B2%BE%E9%87%87%E6%96%B0%E7%89%87%E4%B8%8A%E7%B7%9A-082611296.html,新北市圖獲增「國家地理公播影音資源」 70部精采新片上線,葉仁富,2025年8月15日 週五 下午4:26
https://tw.news.yahoo.com/%E9%BB%83%E5%AD%90%E4%BD%BC%E5%86%8D%E8%88%874%E5%90%8D%E8%A2%AB%E5%AE%B3%E4%BA%BA%E5%92%8C%E8%A7%A3-%E4%BA%BA%E6%95%B8%E9%81%9430%E4%BA%BA-%E5%92%8C%E8%A7%A3%E9%87%91%E5%B7%B2%E7%A0%B4%E7%99%BE%E8%90%AC-082700575.html,黃子佼再與4名被害人和解！人數達30人 和解金已破百萬,三立新聞網,2025年8月15日 週五 下午4:27
https://tw.news.yahoo.com/%E6%9F%A5%E8%BE%A6-%E5%94%B1%E5%92%8C%E4%B8%AD%E5%85%B1-%E8%97%9D%E4%BA%BA%E6%A1%88%E5%8D%8A%E6%95%B8%E5%9B%9E%E8%A6%86%E6%8E%A8%E7%B5%A6%E7%B6%93%E7%B4%80%E5%85%AC%E5%8F%B8-%E9%99%B8%E5%A7%94%E6%9C%83%E7%A8%B1%E4%B8%8D%E4%BB%A3%E8%A1%A8%E5%8F%AF%E5%85%8D%E8%B2%AC-082734047.html,查辦「唱和中共」藝人案半數回覆推給經紀公司 陸委會稱不代表可免責,好報,2025年8月15日 週五 下午4:27
